[{"model": "auth.permission", "pk": 1, "fields": {"name": "Can add permission", "content_type": 1, "codename": "add_permission"}}, {"model": "auth.permission", "pk": 2, "fields": {"name": "Can change permission", "content_type": 1, "codename": "change_permission"}}, {"model": "auth.permission", "pk": 3, "fields": {"name": "Can delete permission", "content_type": 1, "codename": "delete_permission"}}, {"model": "auth.permission", "pk": 4, "fields": {"name": "Can view permission", "content_type": 1, "codename": "view_permission"}}, {"model": "auth.permission", "pk": 5, "fields": {"name": "Can add group", "content_type": 2, "codename": "add_group"}}, {"model": "auth.permission", "pk": 6, "fields": {"name": "Can change group", "content_type": 2, "codename": "change_group"}}, {"model": "auth.permission", "pk": 7, "fields": {"name": "Can delete group", "content_type": 2, "codename": "delete_group"}}, {"model": "auth.permission", "pk": 8, "fields": {"name": "Can view group", "content_type": 2, "codename": "view_group"}}, {"model": "auth.permission", "pk": 9, "fields": {"name": "Can add content type", "content_type": 3, "codename": "add_contenttype"}}, {"model": "auth.permission", "pk": 10, "fields": {"name": "Can change content type", "content_type": 3, "codename": "change_contenttype"}}, {"model": "auth.permission", "pk": 11, "fields": {"name": "Can delete content type", "content_type": 3, "codename": "delete_contenttype"}}, {"model": "auth.permission", "pk": 12, "fields": {"name": "Can view content type", "content_type": 3, "codename": "view_contenttype"}}, {"model": "auth.permission", "pk": 13, "fields": {"name": "Can add session", "content_type": 4, "codename": "add_session"}}, {"model": "auth.permission", "pk": 14, "fields": {"name": "Can change session", "content_type": 4, "codename": "change_session"}}, {"model": "auth.permission", "pk": 15, "fields": {"name": "Can delete session", "content_type": 4, "codename": "delete_session"}}, {"model": "auth.permission", "pk": 16, "fields": {"name": "Can view session", "content_type": 4, "codename": "view_session"}}, {"model": "auth.permission", "pk": 17, "fields": {"name": "Can add user", "content_type": 5, "codename": "add_user"}}, {"model": "auth.permission", "pk": 18, "fields": {"name": "Can change user", "content_type": 5, "codename": "change_user"}}, {"model": "auth.permission", "pk": 19, "fields": {"name": "Can delete user", "content_type": 5, "codename": "delete_user"}}, {"model": "auth.permission", "pk": 20, "fields": {"name": "Can view user", "content_type": 5, "codename": "view_user"}}, {"model": "auth.permission", "pk": 21, "fields": {"name": "Can add faculty", "content_type": 6, "codename": "add_faculty"}}, {"model": "auth.permission", "pk": 22, "fields": {"name": "Can change faculty", "content_type": 6, "codename": "change_faculty"}}, {"model": "auth.permission", "pk": 23, "fields": {"name": "Can delete faculty", "content_type": 6, "codename": "delete_faculty"}}, {"model": "auth.permission", "pk": 24, "fields": {"name": "Can view faculty", "content_type": 6, "codename": "view_faculty"}}, {"model": "auth.permission", "pk": 25, "fields": {"name": "Can add docker image", "content_type": 7, "codename": "add_dockerimage"}}, {"model": "auth.permission", "pk": 26, "fields": {"name": "Can change docker image", "content_type": 7, "codename": "change_dockerimage"}}, {"model": "auth.permission", "pk": 27, "fields": {"name": "Can delete docker image", "content_type": 7, "codename": "delete_dockerimage"}}, {"model": "auth.permission", "pk": 28, "fields": {"name": "Can view docker image", "content_type": 7, "codename": "view_dockerimage"}}, {"model": "auth.permission", "pk": 29, "fields": {"name": "Can add file extension", "content_type": 8, "codename": "add_fileextension"}}, {"model": "auth.permission", "pk": 30, "fields": {"name": "Can change file extension", "content_type": 8, "codename": "change_fileextension"}}, {"model": "auth.permission", "pk": 31, "fields": {"name": "Can delete file extension", "content_type": 8, "codename": "delete_fileextension"}}, {"model": "auth.permission", "pk": 32, "fields": {"name": "Can view file extension", "content_type": 8, "codename": "view_fileextension"}}, {"model": "auth.permission", "pk": 33, "fields": {"name": "Can add course", "content_type": 9, "codename": "add_course"}}, {"model": "auth.permission", "pk": 34, "fields": {"name": "Can change course", "content_type": 9, "codename": "change_course"}}, {"model": "auth.permission", "pk": 35, "fields": {"name": "Can delete course", "content_type": 9, "codename": "delete_course"}}, {"model": "auth.permission", "pk": 36, "fields": {"name": "Can view course", "content_type": 9, "codename": "view_course"}}, {"model": "auth.permission", "pk": 37, "fields": {"name": "Can add project", "content_type": 10, "codename": "add_project"}}, {"model": "auth.permission", "pk": 38, "fields": {"name": "Can change project", "content_type": 10, "codename": "change_project"}}, {"model": "auth.permission", "pk": 39, "fields": {"name": "Can delete project", "content_type": 10, "codename": "delete_project"}}, {"model": "auth.permission", "pk": 40, "fields": {"name": "Can view project", "content_type": 10, "codename": "view_project"}}, {"model": "auth.permission", "pk": 41, "fields": {"name": "Can add structure check", "content_type": 11, "codename": "add_structurecheck"}}, {"model": "auth.permission", "pk": 42, "fields": {"name": "Can change structure check", "content_type": 11, "codename": "change_structurecheck"}}, {"model": "auth.permission", "pk": 43, "fields": {"name": "Can delete structure check", "content_type": 11, "codename": "delete_structurecheck"}}, {"model": "auth.permission", "pk": 44, "fields": {"name": "Can view structure check", "content_type": 11, "codename": "view_structurecheck"}}, {"model": "auth.permission", "pk": 45, "fields": {"name": "Can add extra check", "content_type": 12, "codename": "add_extracheck"}}, {"model": "auth.permission", "pk": 46, "fields": {"name": "Can change extra check", "content_type": 12, "codename": "change_extracheck"}}, {"model": "auth.permission", "pk": 47, "fields": {"name": "Can delete extra check", "content_type": 12, "codename": "delete_extracheck"}}, {"model": "auth.permission", "pk": 48, "fields": {"name": "Can view extra check", "content_type": 12, "codename": "view_extracheck"}}, {"model": "auth.permission", "pk": 49, "fields": {"name": "Can add student", "content_type": 13, "codename": "add_student"}}, {"model": "auth.permission", "pk": 50, "fields": {"name": "Can change student", "content_type": 13, "codename": "change_student"}}, {"model": "auth.permission", "pk": 51, "fields": {"name": "Can delete student", "content_type": 13, "codename": "delete_student"}}, {"model": "auth.permission", "pk": 52, "fields": {"name": "Can view student", "content_type": 13, "codename": "view_student"}}, {"model": "auth.permission", "pk": 53, "fields": {"name": "Can add group", "content_type": 14, "codename": "add_group"}}, {"model": "auth.permission", "pk": 54, "fields": {"name": "Can change group", "content_type": 14, "codename": "change_group"}}, {"model": "auth.permission", "pk": 55, "fields": {"name": "Can delete group", "content_type": 14, "codename": "delete_group"}}, {"model": "auth.permission", "pk": 56, "fields": {"name": "Can view group", "content_type": 14, "codename": "view_group"}}, {"model": "auth.permission", "pk": 57, "fields": {"name": "Can add submission", "content_type": 15, "codename": "add_submission"}}, {"model": "auth.permission", "pk": 58, "fields": {"name": "Can change submission", "content_type": 15, "codename": "change_submission"}}, {"model": "auth.permission", "pk": 59, "fields": {"name": "Can delete submission", "content_type": 15, "codename": "delete_submission"}}, {"model": "auth.permission", "pk": 60, "fields": {"name": "Can view submission", "content_type": 15, "codename": "view_submission"}}, {"model": "auth.permission", "pk": 61, "fields": {"name": "Can add submission file", "content_type": 16, "codename": "add_submissionfile"}}, {"model": "auth.permission", "pk": 62, "fields": {"name": "Can change submission file", "content_type": 16, "codename": "change_submissionfile"}}, {"model": "auth.permission", "pk": 63, "fields": {"name": "Can delete submission file", "content_type": 16, "codename": "delete_submissionfile"}}, {"model": "auth.permission", "pk": 64, "fields": {"name": "Can view submission file", "content_type": 16, "codename": "view_submissionfile"}}, {"model": "auth.permission", "pk": 65, "fields": {"name": "Can add check result", "content_type": 17, "codename": "add_checkresult"}}, {"model": "auth.permission", "pk": 66, "fields": {"name": "Can change check result", "content_type": 17, "codename": "change_checkresult"}}, {"model": "auth.permission", "pk": 67, "fields": {"name": "Can delete check result", "content_type": 17, "codename": "delete_checkresult"}}, {"model": "auth.permission", "pk": 68, "fields": {"name": "Can view check result", "content_type": 17, "codename": "view_checkresult"}}, {"model": "auth.permission", "pk": 69, "fields": {"name": "Can add structure check result", "content_type": 18, "codename": "add_structurecheckresult"}}, {"model": "auth.permission", "pk": 70, "fields": {"name": "Can change structure check result", "content_type": 18, "codename": "change_structurecheckresult"}}, {"model": "auth.permission", "pk": 71, "fields": {"name": "Can delete structure check result", "content_type": 18, "codename": "delete_structurecheckresult"}}, {"model": "auth.permission", "pk": 72, "fields": {"name": "Can view structure check result", "content_type": 18, "codename": "view_structurecheckresult"}}, {"model": "auth.permission", "pk": 73, "fields": {"name": "Can add extra check result", "content_type": 19, "codename": "add_extracheckresult"}}, {"model": "auth.permission", "pk": 74, "fields": {"name": "Can change extra check result", "content_type": 19, "codename": "change_extracheckresult"}}, {"model": "auth.permission", "pk": 75, "fields": {"name": "Can delete extra check result", "content_type": 19, "codename": "delete_extracheckresult"}}, {"model": "auth.permission", "pk": 76, "fields": {"name": "Can view extra check result", "content_type": 19, "codename": "view_extracheckresult"}}, {"model": "auth.permission", "pk": 77, "fields": {"name": "Can add assistant", "content_type": 20, "codename": "add_assistant"}}, {"model": "auth.permission", "pk": 78, "fields": {"name": "Can change assistant", "content_type": 20, "codename": "change_assistant"}}, {"model": "auth.permission", "pk": 79, "fields": {"name": "Can delete assistant", "content_type": 20, "codename": "delete_assistant"}}, {"model": "auth.permission", "pk": 80, "fields": {"name": "Can view assistant", "content_type": 20, "codename": "view_assistant"}}, {"model": "auth.permission", "pk": 81, "fields": {"name": "Can add teacher", "content_type": 21, "codename": "add_teacher"}}, {"model": "auth.permission", "pk": 82, "fields": {"name": "Can change teacher", "content_type": 21, "codename": "change_teacher"}}, {"model": "auth.permission", "pk": 83, "fields": {"name": "Can delete teacher", "content_type": 21, "codename": "delete_teacher"}}, {"model": "auth.permission", "pk": 84, "fields": {"name": "Can view teacher", "content_type": 21, "codename": "view_teacher"}}, {"model": "auth.permission", "pk": 85, "fields": {"name": "Can add feedback", "content_type": 22, "codename": "add_feedback"}}, {"model": "auth.permission", "pk": 86, "fields": {"name": "Can change feedback", "content_type": 22, "codename": "change_feedback"}}, {"model": "auth.permission", "pk": 87, "fields": {"name": "Can delete feedback", "content_type": 22, "codename": "delete_feedback"}}, {"model": "auth.permission", "pk": 88, "fields": {"name": "Can view feedback", "content_type": 22, "codename": "view_feedback"}}, {"model": "auth.permission", "pk": 89, "fields": {"name": "Can add notification template", "content_type": 23, "codename": "add_notificationtemplate"}}, {"model": "auth.permission", "pk": 90, "fields": {"name": "Can change notification template", "content_type": 23, "codename": "change_notificationtemplate"}}, {"model": "auth.permission", "pk": 91, "fields": {"name": "Can delete notification template", "content_type": 23, "codename": "delete_notificationtemplate"}}, {"model": "auth.permission", "pk": 92, "fields": {"name": "Can view notification template", "content_type": 23, "codename": "view_notificationtemplate"}}, {"model": "auth.permission", "pk": 93, "fields": {"name": "Can add notification", "content_type": 24, "codename": "add_notification"}}, {"model": "auth.permission", "pk": 94, "fields": {"name": "Can change notification", "content_type": 24, "codename": "change_notification"}}, {"model": "auth.permission", "pk": 95, "fields": {"name": "Can delete notification", "content_type": 24, "codename": "delete_notification"}}, {"model": "auth.permission", "pk": 96, "fields": {"name": "Can view notification", "content_type": 24, "codename": "view_notification"}}, {"model": "auth.permission", "pk": 97, "fields": {"name": "Can add task result", "content_type": 25, "codename": "add_taskresult"}}, {"model": "auth.permission", "pk": 98, "fields": {"name": "Can change task result", "content_type": 25, "codename": "change_taskresult"}}, {"model": "auth.permission", "pk": 99, "fields": {"name": "Can delete task result", "content_type": 25, "codename": "delete_taskresult"}}, {"model": "auth.permission", "pk": 100, "fields": {"name": "Can view task result", "content_type": 25, "codename": "view_taskresult"}}, {"model": "auth.permission", "pk": 101, "fields": {"name": "Can add chord counter", "content_type": 26, "codename": "add_chordcounter"}}, {"model": "auth.permission", "pk": 102, "fields": {"name": "Can change chord counter", "content_type": 26, "codename": "change_chordcounter"}}, {"model": "auth.permission", "pk": 103, "fields": {"name": "Can delete chord counter", "content_type": 26, "codename": "delete_chordcounter"}}, {"model": "auth.permission", "pk": 104, "fields": {"name": "Can view chord counter", "content_type": 26, "codename": "view_chordcounter"}}, {"model": "auth.permission", "pk": 105, "fields": {"name": "Can add group result", "content_type": 27, "codename": "add_groupresult"}}, {"model": "auth.permission", "pk": 106, "fields": {"name": "Can change group result", "content_type": 27, "codename": "change_groupresult"}}, {"model": "auth.permission", "pk": 107, "fields": {"name": "Can delete group result", "content_type": 27, "codename": "delete_groupresult"}}, {"model": "auth.permission", "pk": 108, "fields": {"name": "Can view group result", "content_type": 27, "codename": "view_groupresult"}}, {"model": "contenttypes.contenttype", "pk": 1, "fields": {"app_label": "auth", "model": "permission"}}, {"model": "contenttypes.contenttype", "pk": 2, "fields": {"app_label": "auth", "model": "group"}}, {"model": "contenttypes.contenttype", "pk": 3, "fields": {"app_label": "contenttypes", "model": "contenttype"}}, {"model": "contenttypes.contenttype", "pk": 4, "fields": {"app_label": "sessions", "model": "session"}}, {"model": "contenttypes.contenttype", "pk": 5, "fields": {"app_label": "authentication", "model": "user"}}, {"model": "contenttypes.contenttype", "pk": 6, "fields": {"app_label": "authentication", "model": "faculty"}}, {"model": "contenttypes.contenttype", "pk": 7, "fields": {"app_label": "api", "model": "dockerimage"}}, {"model": "contenttypes.contenttype", "pk": 8, "fields": {"app_label": "api", "model": "fileextension"}}, {"model": "contenttypes.contenttype", "pk": 9, "fields": {"app_label": "api", "model": "course"}}, {"model": "contenttypes.contenttype", "pk": 10, "fields": {"app_label": "api", "model": "project"}}, {"model": "contenttypes.contenttype", "pk": 11, "fields": {"app_label": "api", "model": "structurecheck"}}, {"model": "contenttypes.contenttype", "pk": 12, "fields": {"app_label": "api", "model": "extracheck"}}, {"model": "contenttypes.contenttype", "pk": 13, "fields": {"app_label": "api", "model": "student"}}, {"model": "contenttypes.contenttype", "pk": 14, "fields": {"app_label": "api", "model": "group"}}, {"model": "contenttypes.contenttype", "pk": 15, "fields": {"app_label": "api", "model": "submission"}}, {"model": "contenttypes.contenttype", "pk": 16, "fields": {"app_label": "api", "model": "submissionfile"}}, {"model": "contenttypes.contenttype", "pk": 17, "fields": {"app_label": "api", "model": "checkresult"}}, {"model": "contenttypes.contenttype", "pk": 18, "fields": {"app_label": "api", "model": "structurecheckresult"}}, {"model": "contenttypes.contenttype", "pk": 19, "fields": {"app_label": "api", "model": "extracheckresult"}}, {"model": "contenttypes.contenttype", "pk": 20, "fields": {"app_label": "api", "model": "assistant"}}, {"model": "contenttypes.contenttype", "pk": 21, "fields": {"app_label": "api", "model": "teacher"}}, {"model": "contenttypes.contenttype", "pk": 22, "fields": {"app_label": "api", "model": "feedback"}}, {"model": "contenttypes.contenttype", "pk": 23, "fields": {"app_label": "notifications", "model": "notificationtemplate"}}, {"model": "contenttypes.contenttype", "pk": 24, "fields": {"app_label": "notifications", "model": "notification"}}, {"model": "contenttypes.contenttype", "pk": 25, "fields": {"app_label": "django_celery_results", "model": "taskresult"}}, {"model": "contenttypes.contenttype", "pk": 26, "fields": {"app_label": "django_celery_results", "model": "chordcounter"}}, {"model": "contenttypes.contenttype", "pk": 27, "fields": {"app_label": "django_celery_results", "model": "groupresult"}}, {"model": "sessions.session", "pk": "uz5x6v15df7nfzobvq6ax6v8teud4cte", "fields": {"session_data": ".eJxVzDsOwjAQRdG9uEbW2B75Q0nPGqwZf3AAOVKcVIi9Q6QUUN_z3ktE2tYWt1GWOGVxFgCgAWzAoII4_Wam9Ch9N_lO_TbLNPd1mVjuRB51yOucy_Ny2L-DRqN91xrQk3Yq26IQq0EGnzhbm4KzVAx78FpZrE4jBKxEWSnvTWU01QQQ7w9rRjlE:1s2tXT:nz5JOeNymmrXipmj3SMX11bAr5QETcjR1AJQgbz7vtA", "expire_date": "2024-05-17T14:05:27.612Z"}}, {"model": "authentication.user", "pk": "0", "fields": {"last_login": "2024-04-28T13:40:08.657Z", "username": "SteffiUrlus", "is_staff": true, "email": "SteffiUrlus@ugent.be", "first_name": "Steffi", "last_name": "Urlus", "last_enrolled": 2024, "create_time": "2024-04-28T13:40:08.657Z", "faculties": []}}, {"model": "authentication.user", "pk": "000200694919", "fields": {"last_login": "2024-05-03T14:05:27.606Z", "username": "landmaes", "is_staff": true, "email": "Lander.Maes@UGent.be", "first_name": "Lander", "last_name": "Maes", "last_enrolled": 2023, "create_time": "2024-05-03T14:05:27.591Z", "faculties": []}}, {"model": "authentication.user", "pk": "1", "fields": {"last_login": "2024-04-28T13:40:08.657Z", "username": "DriesSnellings", "is_staff": false, "email": "DriesSnellings@ugent.be", "first_name": "Dries", "last_name": "Snellings", "last_enrolled": 2024, "create_time": "2024-04-28T13:40:08.657Z", "faculties": []}}, {"model": "authentication.user", "pk": "2", "fields": {"last_login": "2024-04-28T13:40:08.657Z", "username": "SiebeTernest", "is_staff": false, "email": "SiebeTernest@ugent.be", "first_name": "Siebe", "last_name": "Ternest", "last_enrolled": 2024, "create_time": "2024-04-28T13:40:08.657Z", "faculties": []}}, {"model": "authentication.user", "pk": "3", "fields": {"last_login": "2024-04-28T13:40:08.657Z", "username": "FilMartens", "is_staff": true, "email": "FilMartens@ugent.be", "first_name": "Fil", "last_name": "Martens", "last_enrolled": 2024, "create_time": "2024-04-28T13:40:08.657Z", "faculties": []}}, {"model": "authentication.user", "pk": "4", "fields": {"last_login": "2024-04-28T13:40:08.657Z", "username": "JonathanVerheyen", "is_staff": false, "email": "JonathanVerheyen@ugent.be", "first_name": "Jonathan", "last_name": "Verheyen", "last_enrolled": 2024, "create_time": "2024-04-28T13:40:08.657Z", "faculties": []}}, {"model": "authentication.faculty", "pk": "Bio-ingenieurswetenschappen", "fields": {"name": "faculties.bioscience_engineering"}}, {"model": "authentication.faculty", "pk": "Diergeneeskunde", "fields": {"name": "faculties.veterinary_medicine"}}, {"model": "authentication.faculty", "pk": "Economie_Bedrijfskunde", "fields": {"name": "faculties.economics_business_administration"}}, {"model": "authentication.faculty", "pk": "Farmaceutische_Wetenschappen", "fields": {"name": "faculties.pharmaceutical_sciences"}}, {"model": "authentication.faculty", "pk": "Geneeskunde_Gezondheidswetenschappen", "fields": {"name": "faculties.medicine_health_sciences"}}, {"model": "authentication.faculty", "pk": "Ingenieurswetenschappen_Architectuur", "fields": {"name": "faculties.engineering_architecture"}}, {"model": "authentication.faculty", "pk": "Letteren_Wijsbegeerte", "fields": {"name": "faculties.arts_philosophy"}}, {"model": "authentication.faculty", "pk": "Politieke_Sociale_Wetenschappen", "fields": {"name": "faculties.political_social_sciences"}}, {"model": "authentication.faculty", "pk": "Psychologie_PedagogischeWetenschappen", "fields": {"name": "faculties.psychology_educational_sciences"}}, {"model": "authentication.faculty", "pk": "Recht_Criminologie", "fields": {"name": "faculties.law_criminology"}}, {"model": "authentication.faculty", "pk": "Wetenschappen", "fields": {"name": "faculties.sciences"}}, {"model": "api.dockerimage", "pk": 0, "fields": {"name": "Python", "file": "./fixtures/data/docker_python", "owner": "0", "public": false, "state": "READY"}}, {"model": "api.dockerimage", "pk": 1, "fields": {"name": "2", "file": "docker_images/private/c7c96cb0-b0e3-4668-b345-9f6c91081775", "owner": "000200694919", "public": false, "state": "READY"}}, {"model": "api.fileextension", "pk": 0, "fields": {"extension": "pdf"}}, {"model": "api.fileextension", "pk": 1, "fields": {"extension": "txt"}}, {"model": "api.course", "pk": 0, "fields": {"name": "Front-line even-keeled concept", "academic_startyear": 2023, "excerpt": "Guess shoulder step training everyone.", "description": "Because eye push it knowledge. Environmental room north area sport beat.", "faculty": "Letteren_Wijsbegeerte", "parent_course": null, "private_course": false, "invitation_link": null, "invitation_link_expires": null}}, {"model": "api.course", "pk": 1, "fields": {"name": "1", "academic_startyear": 2023, "excerpt": "1", "description": "<p>1</p>", "faculty": null, "parent_course": null, "private_course": false, "invitation_link": null, "invitation_link_expires": null}}, {"model": "api.project", "pk": 0, "fields": {"name": "Intuitive bi-directional knowledgebase", "description": "Activity word film including its. Gun its carry future. Recently fact trouble civil and firm.", "visible": true, "archived": false, "locked_groups": false, "start_date": "2024-05-07T08:35:49.346Z", "deadline": "2024-06-15T08:35:49.346Z", "max_score": 100, "score_visible": false, "group_size": 5, "course": 0}}, {"model": "api.project", "pk": 1, "fields": {"name": "1", "description": "<p>1</p>", "visible": true, "archived": false, "locked_groups": false, "start_date": "2024-05-03T14:36:06.243Z", "deadline": "2024-05-09T22:36:06Z", "max_score": 10, "score_visible": false, "group_size": 1, "course": 1}}, {"model": "api.structurecheck", "pk": 0, "fields": {"path": "", "project": 0, "obligated_extensions": [0], "blocked_extensions": [1]}}, {"model": "api.extracheck", "pk": 0, "fields": {"name": "", "project": 0, "docker_image": 0, "file": "/now/move", "time_limit": 30, "memory_limit": 128, "show_log": true}}, {"model": "api.extracheck", "pk": 1, "fields": {"name": "check_main_python", "project": 1, "docker_image": 0, "file": "projects/1/1/checks/34722159-defc-4b47-84ce-12185cfe8728", "time_limit": 30, "memory_limit": 128, "show_log": false}}, {"model": "api.extracheck", "pk": 2, "fields": {"name": "check_main_python", "project": 1, "docker_image": 1, "file": "projects/1/1/checks/8e5cf362-9ce4-4da7-bb34-4f9ef1b0ab03", "time_limit": 30, "memory_limit": 128, "show_log": false}}, {"model": "api.student", "pk": "000200694919", "fields": {"is_active": true, "student_id": "02006949", "courses": [1]}}, {"model": "api.student", "pk": "1", "fields": {"is_active": true, "student_id": "1", "courses": [0]}}, {"model": "api.student", "pk": "2", "fields": {"is_active": true, "student_id": "2", "courses": [0]}}, {"model": "api.student", "pk": "3", "fields": {"is_active": true, "student_id": "3", "courses": [0]}}, {"model": "api.student", "pk": "4", "fields": {"is_active": true, "student_id": "4", "courses": [0]}}, {"model": "api.group", "pk": 0, "fields": {"project": 0, "score": 0.0, "students": ["1", "2", "3", "4"]}}, {"model": "api.group", "pk": 1, "fields": {"project": 1, "score": null, "students": ["000200694919"]}}, {"model": "api.group", "pk": 2, "fields": {"project": 1, "score": null, "students": []}}, {"model": "api.submission", "pk": 0, "fields": {"group": 0, "submission_number": 5, "submission_time": "2024-04-15T00:00:00Z", "is_valid": true}}, {"model": "api.submission", "pk": 1, "fields": {"group": 0, "submission_number": 6, "submission_time": "2024-04-15T00:00:00Z", "is_valid": true}}, {"model": "api.submission", "pk": 2, "fields": {"group": 1, "submission_number": 1, "submission_time": "2024-05-03T14:45:41.888Z", "is_valid": true}}, {"model": "api.submission", "pk": 3, "fields": {"group": 1, "submission_number": 2, "submission_time": "2024-05-03T14:50:42.861Z", "is_valid": true}}, {"model": "api.submission", "pk": 4, "fields": {"group": 1, "submission_number": 3, "submission_time": "2024-05-03T14:52:56.598Z", "is_valid": true}}, {"model": "api.submission", "pk": 5, "fields": {"group": 1, "submission_number": 4, "submission_time": "2024-05-03T14:53:12.523Z", "is_valid": true}}, {"model": "api.submission", "pk": 6, "fields": {"group": 1, "submission_number": 5, "submission_time": "2024-05-03T14:55:33.506Z", "is_valid": true}}, {"model": "api.submissionfile", "pk": 1, "fields": {"submission": 5, "file": "projects/1/1/submissions/1/5/submission_main_python_file.py"}}, {"model": "api.submissionfile", "pk": 2, "fields": {"submission": 6, "file": "projects/1/1/submissions/1/6/main.py"}}, {"model": "api.checkresult", "pk": 0, "fields": {"polymorphic_ctype": 19, "submission": 0, "result": "SUCCESS", "error_message": null}}, {"model": "api.checkresult", "pk": 1, "fields": {"polymorphic_ctype": 19, "submission": 2, "result": "FAILED", "error_message": "DOCKER_IMAGE_ERROR"}}, {"model": "api.checkresult", "pk": 2, "fields": {"polymorphic_ctype": 19, "submission": 2, "result": "FAILED", "error_message": "DOCKER_IMAGE_ERROR"}}, {"model": "api.checkresult", "pk": 3, "fields": {"polymorphic_ctype": 19, "submission": 3, "result": "FAILED", "error_message": "DOCKER_IMAGE_ERROR"}}, {"model": "api.checkresult", "pk": 4, "fields": {"polymorphic_ctype": 19, "submission": 3, "result": "FAILED", "error_message": "DOCKER_IMAGE_ERROR"}}, {"model": "api.checkresult", "pk": 5, "fields": {"polymorphic_ctype": 19, "submission": 4, "result": "FAILED", "error_message": "DOCKER_IMAGE_ERROR"}}, {"model": "api.checkresult", "pk": 6, "fields": {"polymorphic_ctype": 19, "submission": 4, "result": "FAILED", "error_message": "DOCKER_IMAGE_ERROR"}}, {"model": "api.checkresult", "pk": 7, "fields": {"polymorphic_ctype": 19, "submission": 5, "result": "FAILED", "error_message": "DOCKER_IMAGE_ERROR"}}, {"model": "api.checkresult", "pk": 8, "fields": {"polymorphic_ctype": 19, "submission": 5, "result": "FAILED", "error_message": "DOCKER_IMAGE_ERROR"}}, {"model": "api.checkresult", "pk": 9, "fields": {"polymorphic_ctype": 19, "submission": 6, "result": "FAILED", "error_message": "DOCKER_IMAGE_ERROR"}}, {"model": "api.checkresult", "pk": 10, "fields": {"polymorphic_ctype": 19, "submission": 6, "result": "FAILED", "error_message": "DOCKER_IMAGE_ERROR"}}, {"model": "api.structurecheckresult", "pk": 0, "fields": {"structure_check": 0}}, {"model": "api.extracheckresult", "pk": 0, "fields": {"extra_check": 0, "log_file": ""}}, {"model": "api.extracheckresult", "pk": 1, "fields": {"extra_check": 1, "log_file": ""}}, {"model": "api.extracheckresult", "pk": 2, "fields": {"extra_check": 2, "log_file": ""}}, {"model": "api.extracheckresult", "pk": 3, "fields": {"extra_check": 1, "log_file": ""}}, {"model": "api.extracheckresult", "pk": 4, "fields": {"extra_check": 2, "log_file": ""}}, {"model": "api.extracheckresult", "pk": 5, "fields": {"extra_check": 1, "log_file": ""}}, {"model": "api.extracheckresult", "pk": 6, "fields": {"extra_check": 2, "log_file": ""}}, {"model": "api.extracheckresult", "pk": 7, "fields": {"extra_check": 1, "log_file": ""}}, {"model": "api.extracheckresult", "pk": 8, "fields": {"extra_check": 2, "log_file": ""}}, {"model": "api.extracheckresult", "pk": 9, "fields": {"extra_check": 1, "log_file": ""}}, {"model": "api.extracheckresult", "pk": 10, "fields": {"extra_check": 2, "log_file": ""}}, {"model": "api.teacher", "pk": "0", "fields": {"is_active": true, "courses": [0]}}, {"model": "api.teacher", "pk": "000200694919", "fields": {"is_active": true, "courses": [1]}}, {"model": "django_celery_results.taskresult", "pk": 1, "fields": {"task_id": "80e363a6-3cb2-45b0-966b-d1db08c5ea4e", "periodic_task_name": null, "task_name": null, "task_args": null, "task_kwargs": null, "status": "SUCCESS", "worker": null, "content_type": "application/x-python-serialize", "content_encoding": "binary", "result": "gAROLg==", "date_created": "2024-05-03T14:07:32.035Z", "date_done": "2024-05-03T14:07:32.036Z", "traceback": null, "meta": "gASVEQAAAAAAAAB9lIwIY2hpbGRyZW6UXZRzLg=="}}, {"model": "django_celery_results.taskresult", "pk": 2, "fields": {"task_id": "d64bcb34-0c29-48e6-b8de-7a088de34a98", "periodic_task_name": null, "task_name": null, "task_args": null, "task_kwargs": null, "status": "SUCCESS", "worker": null, "content_type": "application/x-python-serialize", "content_encoding": "binary", "result": "gAROLg==", "date_created": "2024-05-03T14:13:30.578Z", "date_done": "2024-05-03T14:13:30.578Z", "traceback": null, "meta": "gASVEQAAAAAAAAB9lIwIY2hpbGRyZW6UXZRzLg=="}}, {"model": "django_celery_results.taskresult", "pk": 3, "fields": {"task_id": "fc5920d5-f20e-458a-ba4d-5d0619d28e9c", "periodic_task_name": null, "task_name": null, "task_args": null, "task_kwargs": null, "status": "SUCCESS", "worker": null, "content_type": "application/x-python-serialize", "content_encoding": "binary", "result": "gAROLg==", "date_created": "2024-05-03T14:45:42.522Z", "date_done": "2024-05-03T14:45:42.522Z", "traceback": null, "meta": "gASVEQAAAAAAAAB9lIwIY2hpbGRyZW6UXZRzLg=="}}, {"model": "django_celery_results.taskresult", "pk": 4, "fields": {"task_id": "9514a801-9289-4b43-a134-054e5cc5ddb6", "periodic_task_name": null, "task_name": null, "task_args": null, "task_kwargs": null, "status": "SUCCESS", "worker": null, "content_type": "application/x-python-serialize", "content_encoding": "binary", "result": "gAROLg==", "date_created": "2024-05-03T14:48:24.904Z", "date_done": "2024-05-03T14:48:24.904Z", "traceback": null, "meta": "gASVEQAAAAAAAAB9lIwIY2hpbGRyZW6UXZRzLg=="}}, {"model": "django_celery_results.taskresult", "pk": 5, "fields": {"task_id": "291c6aec-6171-4a8c-a2e9-044273671ed1", "periodic_task_name": null, "task_name": null, "task_args": null, "task_kwargs": null, "status": "SUCCESS", "worker": null, "content_type": "application/x-python-serialize", "content_encoding": "binary", "result": "gAROLg==", "date_created": "2024-05-03T14:48:25.255Z", "date_done": "2024-05-03T14:48:25.255Z", "traceback": null, "meta": "gASVEQAAAAAAAAB9lIwIY2hpbGRyZW6UXZRzLg=="}}, {"model": "django_celery_results.taskresult", "pk": 6, "fields": {"task_id": "85d7e42d-fc7b-470e-8248-734511e8d8ba", "periodic_task_name": null, "task_name": null, "task_args": null, "task_kwargs": null, "status": "SUCCESS", "worker": null, "content_type": "application/x-python-serialize", "content_encoding": "binary", "result": "gAROLg==", "date_created": "2024-05-03T14:50:43.580Z", "date_done": "2024-05-03T14:50:43.580Z", "traceback": null, "meta": "gASVEQAAAAAAAAB9lIwIY2hpbGRyZW6UXZRzLg=="}}, {"model": "django_celery_results.taskresult", "pk": 7, "fields": {"task_id": "7d140c03-78b9-48c2-9cd1-c49616de5a0c", "periodic_task_name": null, "task_name": null, "task_args": null, "task_kwargs": null, "status": "SUCCESS", "worker": null, "content_type": "application/x-python-serialize", "content_encoding": "binary", "result": "gAROLg==", "date_created": "2024-05-03T14:50:43.668Z", "date_done": "2024-05-03T14:50:43.668Z", "traceback": null, "meta": "gASVEQAAAAAAAAB9lIwIY2hpbGRyZW6UXZRzLg=="}}, {"model": "django_celery_results.taskresult", "pk": 8, "fields": {"task_id": "084a4594-bfb5-4706-92e2-c1f03db59081", "periodic_task_name": null, "task_name": null, "task_args": null, "task_kwargs": null, "status": "SUCCESS", "worker": null, "content_type": "application/x-python-serialize", "content_encoding": "binary", "result": "gAROLg==", "date_created": "2024-05-03T14:52:57.213Z", "date_done": "2024-05-03T14:52:57.213Z", "traceback": null, "meta": "gASVEQAAAAAAAAB9lIwIY2hpbGRyZW6UXZRzLg=="}}, {"model": "django_celery_results.taskresult", "pk": 9, "fields": {"task_id": "94e2d14a-6fd7-4989-b5d9-bb5d64bc4870", "periodic_task_name": null, "task_name": null, "task_args": null, "task_kwargs": null, "status": "SUCCESS", "worker": null, "content_type": "application/x-python-serialize", "content_encoding": "binary", "result": "gAROLg==", "date_created": "2024-05-03T14:52:57.305Z", "date_done": "2024-05-03T14:52:57.305Z", "traceback": null, "meta": "gASVEQAAAAAAAAB9lIwIY2hpbGRyZW6UXZRzLg=="}}, {"model": "django_celery_results.taskresult", "pk": 10, "fields": {"task_id": "04ff5741-c665-410f-891a-7d5ae2f8aa7e", "periodic_task_name": null, "task_name": null, "task_args": null, "task_kwargs": null, "status": "SUCCESS", "worker": null, "content_type": "application/x-python-serialize", "content_encoding": "binary", "result": "gAROLg==", "date_created": "2024-05-03T14:53:13.191Z", "date_done": "2024-05-03T14:53:13.192Z", "traceback": null, "meta": "gASVEQAAAAAAAAB9lIwIY2hpbGRyZW6UXZRzLg=="}}, {"model": "django_celery_results.taskresult", "pk": 11, "fields": {"task_id": "da36b0e4-5099-4ba0-be17-8906e16cbd5e", "periodic_task_name": null, "task_name": null, "task_args": null, "task_kwargs": null, "status": "SUCCESS", "worker": null, "content_type": "application/x-python-serialize", "content_encoding": "binary", "result": "gAROLg==", "date_created": "2024-05-03T14:53:13.276Z", "date_done": "2024-05-03T14:53:13.276Z", "traceback": null, "meta": "gASVEQAAAAAAAAB9lIwIY2hpbGRyZW6UXZRzLg=="}}, {"model": "django_celery_results.taskresult", "pk": 12, "fields": {"task_id": "7cd19a46-477f-4d04-bd0c-0a8a2059b766", "periodic_task_name": null, "task_name": null, "task_args": null, "task_kwargs": null, "status": "SUCCESS", "worker": null, "content_type": "application/x-python-serialize", "content_encoding": "binary", "result": "gAROLg==", "date_created": "2024-05-03T14:55:34.128Z", "date_done": "2024-05-03T14:55:34.128Z", "traceback": null, "meta": "gASVEQAAAAAAAAB9lIwIY2hpbGRyZW6UXZRzLg=="}}, {"model": "django_celery_results.taskresult", "pk": 13, "fields": {"task_id": "60812902-22c3-47be-9bf2-f30f0505b961", "periodic_task_name": null, "task_name": null, "task_args": null, "task_kwargs": null, "status": "SUCCESS", "worker": null, "content_type": "application/x-python-serialize", "content_encoding": "binary", "result": "gAROLg==", "date_created": "2024-05-03T14:55:34.206Z", "date_done": "2024-05-03T14:55:34.206Z", "traceback": null, "meta": "gASVEQAAAAAAAAB9lIwIY2hpbGRyZW6UXZRzLg=="}}]