[{"model": "api.dockerimage", "pk": 1, "fields": {"name": "six.bmp", "file": "/five/economic/score/man", "owner": "4", "public": true}}, {"model": "api.dockerimage", "pk": 2, "fields": {"name": "all.jpeg", "file": "/little", "owner": "5", "public": true}}, {"model": "api.dockerimage", "pk": 3, "fields": {"name": "enough.bmp", "file": "/reason/service/election/bring", "owner": "12", "public": true}}, {"model": "api.dockerimage", "pk": 4, "fields": {"name": "yeah.jpeg", "file": "/thank/near/believe/develop/would", "owner": "6", "public": true}}, {"model": "api.dockerimage", "pk": 5, "fields": {"name": "reflect.png", "file": "/call/plan/grow/listen", "owner": "17", "public": true}}, {"model": "api.fileextension", "pk": 1, "fields": {"extension": "wav"}}, {"model": "api.fileextension", "pk": 2, "fields": {"extension": "tiff"}}, {"model": "api.fileextension", "pk": 3, "fields": {"extension": "flac"}}, {"model": "api.fileextension", "pk": 4, "fields": {"extension": "mp3"}}, {"model": "api.fileextension", "pk": 5, "fields": {"extension": "csv"}}, {"model": "api.course", "pk": 1, "fields": {"name": "Optional cohesive analyzer", "academic_startyear": 2022, "excerpt": "", "description": "Assume apply feeling ago. Television week above today head early evidence very. Use husband per develop power before pull one.", "faculty": "Geneeskunde_Gezondheidswetenschappen", "parent_course": null}}, {"model": "api.course", "pk": 2, "fields": {"name": "Function-based grid-enabled success", "academic_startyear": 2022, "excerpt": "", "description": "Mean what as including exist do. Opportunity decade heart call mission. Rest explain media yourself.", "faculty": "Letteren_Wijsbegeerte", "parent_course": null}}, {"model": "api.course", "pk": 3, "fields": {"name": "Open-architected asymmetric concept", "academic_startyear": 2022, "excerpt": "", "description": "Spring girl popular clearly though. Heart cell wrong follow number evidence.", "faculty": "Wetenschappen", "parent_course": null}}, {"model": "api.project", "pk": 1, "fields": {"name": "Robust asynchronous instruction set", "description": "Night PM senior your. View police measure prepare world major bed. Activity front deal item accept beautiful raise.", "visible": true, "archived": false, "locked_groups": false, "start_date": "2024-07-08T21:09:05.793Z", "deadline": "2024-10-05T21:09:05.793Z", "max_score": 16, "score_visible": false, "group_size": 2, "course": 2}}, {"model": "api.project", "pk": 2, "fields": {"name": "Adaptive scalable Internet solution", "description": "With thing service myself machine. Book build begin three. Your power cell doctor tree responsibility.", "visible": true, "archived": false, "locked_groups": false, "start_date": "2024-03-28T21:09:05.793Z", "deadline": "2024-05-20T21:09:05.793Z", "max_score": 20, "score_visible": false, "group_size": 10, "course": 2}}, {"model": "api.project", "pk": 3, "fields": {"name": "Function-based local access", "description": "Trial gun none fund. Second most theory.", "visible": true, "archived": false, "locked_groups": false, "start_date": "2024-02-12T21:09:05.793Z", "deadline": "2024-05-07T21:09:05.793Z", "max_score": 78, "score_visible": true, "group_size": 9, "course": 3}}, {"model": "api.project", "pk": 4, "fields": {"name": "Stand-alone modular standardization", "description": "American institution buy camera yourself. Family recognize middle claim management performance. Hair official safe growth democratic there certainly young. Also stock ready suddenly.", "visible": true, "archived": false, "locked_groups": true, "start_date": "2024-05-09T21:09:05.793Z", "deadline": "2024-07-22T21:09:05.793Z", "max_score": 95, "score_visible": false, "group_size": 10, "course": 3}}, {"model": "api.structurecheck", "pk": 0, "fields": {"name": "/might/its/fight/everyone/one", "project": 2, "obligated_extensions": [4, 5], "blocked_extensions": [2, 3]}}, {"model": "api.structurecheck", "pk": 1, "fields": {"name": "/walk/season", "project": 1, "obligated_extensions": [2, 3], "blocked_extensions": [1, 3]}}, {"model": "api.extracheck", "pk": 1, "fields": {"project": 4, "docker_image": 1, "file": "/boy/evening", "timeout": 865, "show_log": false}}, {"model": "api.student", "pk": "0", "fields": {"is_active": true, "student_id": "0", "courses": [1]}}, {"model": "api.student", "pk": "1", "fields": {"is_active": true, "student_id": "1", "courses": [1]}}, {"model": "api.student", "pk": "2", "fields": {"is_active": true, "student_id": "2", "courses": [1]}}, {"model": "api.student", "pk": "3", "fields": {"is_active": true, "student_id": "3", "courses": [1]}}, {"model": "api.student", "pk": "4", "fields": {"is_active": true, "student_id": "4", "courses": [1]}}, {"model": "api.student", "pk": "5", "fields": {"is_active": true, "student_id": "5", "courses": [1]}}, {"model": "api.student", "pk": "6", "fields": {"is_active": true, "student_id": "6", "courses": [1]}}, {"model": "api.student", "pk": "7", "fields": {"is_active": true, "student_id": "7", "courses": [1]}}, {"model": "api.student", "pk": "8", "fields": {"is_active": true, "student_id": "8", "courses": [1]}}, {"model": "api.student", "pk": "9", "fields": {"is_active": true, "student_id": "9", "courses": [1]}}, {"model": "api.group", "pk": 1, "fields": {"project": 2, "score": 17.0, "students": ["5"]}}, {"model": "api.group", "pk": 2, "fields": {"project": 3, "score": 51.0, "students": []}}, {"model": "api.group", "pk": 3, "fields": {"project": 3, "score": 70.0, "students": []}}, {"model": "api.group", "pk": 4, "fields": {"project": 3, "score": 6.0, "students": []}}, {"model": "api.group", "pk": 5, "fields": {"project": 3, "score": 36.0, "students": []}}, {"model": "api.group", "pk": 6, "fields": {"project": 1, "score": 16.0, "students": ["2", "6", "7", "8"]}}, {"model": "api.group", "pk": 7, "fields": {"project": 1, "score": 3.0, "students": ["0", "1", "3", "4", "9"]}}, {"model": "api.submission", "pk": 1, "fields": {"group": 3, "submission_number": null, "submission_time": "2024-04-15T00:00:00Z", "is_valid": true}}, {"model": "api.submission", "pk": 2, "fields": {"group": 7, "submission_number": null, "submission_time": "2024-04-13T00:00:00Z", "is_valid": false}}, {"model": "api.submission", "pk": 3, "fields": {"group": 1, "submission_number": null, "submission_time": "2024-04-04T00:00:00Z", "is_valid": true}}, {"model": "api.submission", "pk": 4, "fields": {"group": 1, "submission_number": null, "submission_time": "2024-04-17T00:00:00Z", "is_valid": true}}, {"model": "api.submission", "pk": 5, "fields": {"group": 7, "submission_number": null, "submission_time": "2024-04-16T00:00:00Z", "is_valid": true}}, {"model": "api.submission", "pk": 6, "fields": {"group": 6, "submission_number": null, "submission_time": "2024-04-03T00:00:00Z", "is_valid": true}}, {"model": "api.submission", "pk": 7, "fields": {"group": 3, "submission_number": null, "submission_time": "2024-04-09T00:00:00Z", "is_valid": false}}, {"model": "api.submission", "pk": 8, "fields": {"group": 4, "submission_number": null, "submission_time": "2024-04-03T00:00:00Z", "is_valid": false}}, {"model": "api.submission", "pk": 9, "fields": {"group": 1, "submission_number": null, "submission_time": "2024-04-07T00:00:00Z", "is_valid": true}}, {"model": "api.submission", "pk": 10, "fields": {"group": 2, "submission_number": null, "submission_time": "2024-04-05T00:00:00Z", "is_valid": true}}, {"model": "api.submissionfile", "pk": 1, "fields": {"submission": 3, "file": "/decade/government/job/chair/section/stock.mov"}}, {"model": "api.checkresult", "pk": 213149, "fields": {"polymorphic_ctype": null, "submission": 4, "result": "QUEUED", "error_message": null}}, {"model": "api.checkresult", "pk": 333787, "fields": {"polymorphic_ctype": null, "submission": 5, "result": "QUEUED", "error_message": null}}, {"model": "api.checkresult", "pk": 349566, "fields": {"polymorphic_ctype": null, "submission": 2, "result": "QUEUED", "error_message": null}}, {"model": "api.checkresult", "pk": 802462, "fields": {"polymorphic_ctype": null, "submission": 6, "result": "RUNNING", "error_message": null}}, {"model": "api.checkresult", "pk": 888994, "fields": {"polymorphic_ctype": null, "submission": 9, "result": "RUNNING", "error_message": null}}, {"model": "api.checkresult", "pk": 949689, "fields": {"polymorphic_ctype": null, "submission": 3, "result": "RUNNING", "error_message": null}}, {"model": "api.structurecheckresult", "pk": 213149, "fields": {"structure_check": 0}}, {"model": "api.structurecheckresult", "pk": 333787, "fields": {"structure_check": 1}}, {"model": "api.structurecheckresult", "pk": 349566, "fields": {"structure_check": 1}}, {"model": "api.structurecheckresult", "pk": 802462, "fields": {"structure_check": 1}}, {"model": "api.structurecheckresult", "pk": 888994, "fields": {"structure_check": 0}}, {"model": "api.structurecheckresult", "pk": 949689, "fields": {"structure_check": 0}}, {"model": "api.assistant", "pk": "10", "fields": {"is_active": true, "courses": [1]}}, {"model": "api.assistant", "pk": "11", "fields": {"is_active": true, "courses": [2]}}, {"model": "api.assistant", "pk": "12", "fields": {"is_active": true, "courses": [3]}}, {"model": "api.assistant", "pk": "13", "fields": {"is_active": true, "courses": [3]}}, {"model": "api.assistant", "pk": "14", "fields": {"is_active": true, "courses": [3]}}, {"model": "api.teacher", "pk": "15", "fields": {"is_active": true, "courses": [1]}}, {"model": "api.teacher", "pk": "16", "fields": {"is_active": true, "courses": [3]}}, {"model": "api.teacher", "pk": "17", "fields": {"is_active": true, "courses": [2]}}]