[{"model": "api.dockerimage", "pk": 1, "fields": {"name": "behind.jpg", "file": "/stay/term/key/stock/run/until", "owner": "0", "public": true}}, {"model": "api.dockerimage", "pk": 2, "fields": {"name": "upon.bmp", "file": "/really/serious/civil/risk/people", "owner": "14", "public": true}}, {"model": "api.dockerimage", "pk": 3, "fields": {"name": "moment.jpg", "file": "/always/but", "owner": "13", "public": true}}, {"model": "api.dockerimage", "pk": 4, "fields": {"name": "defense.jpg", "file": "/rest/medical/would", "owner": "16", "public": true}}, {"model": "api.dockerimage", "pk": 5, "fields": {"name": "information.bmp", "file": "/go/run/easy/meet/arm", "owner": "5", "public": true}}, {"model": "api.fileextension", "pk": 1, "fields": {"extension": "mp4"}}, {"model": "api.fileextension", "pk": 2, "fields": {"extension": "flac"}}, {"model": "api.fileextension", "pk": 3, "fields": {"extension": "avi"}}, {"model": "api.fileextension", "pk": 4, "fields": {"extension": "xlsx"}}, {"model": "api.fileextension", "pk": 5, "fields": {"extension": "html"}}, {"model": "api.course", "pk": 1, "fields": {"name": "Profound uniform knowledgebase", "academic_startyear": 2021, "excerpt": "Indeed data four.", "description": "Weight information close go eight floor factor.", "faculty": "Economie_Bedrijfskunde", "parent_course": null}}, {"model": "api.course", "pk": 2, "fields": {"name": "Innovative methodical capability", "academic_startyear": 2023, "excerpt": "Investment strategy try could decision purpose born.", "description": "Last painting purpose character.", "faculty": "Geneeskunde_Gezondheidswetenschappen", "parent_course": null}}, {"model": "api.course", "pk": 3, "fields": {"name": "Operative static superstructure", "academic_startyear": 2024, "excerpt": "Church own country skill trial future it loss.", "description": "Specific law fire fact group level position if. Class sense each research.", "faculty": "Psychologie_PedagogischeWetenschappen", "parent_course": null}}, {"model": "api.project", "pk": 1, "fields": {"name": "Re-contextualized multi-state project", "description": "Example open nation those must heavy company national. Size body crime pay maintain safe likely. Southern all happy have science rock.", "visible": true, "archived": false, "locked_groups": true, "start_date": "2024-05-18T21:01:47.369Z", "deadline": "2024-05-23T21:01:47.369Z", "max_score": 58, "score_visible": false, "group_size": 15, "course": 1}}, {"model": "api.project", "pk": 2, "fields": {"name": "Reverse-engineered 4thgeneration complexity", "description": "View quickly certainly manage. Yeah show worry fear success program without front. Direction apply billion develop cultural. Alone worry fine type center avoid.", "visible": true, "archived": true, "locked_groups": false, "start_date": "2024-06-06T21:01:47.369Z", "deadline": "2024-07-24T21:01:47.369Z", "max_score": 31, "score_visible": false, "group_size": 2, "course": 2}}, {"model": "api.project", "pk": 3, "fields": {"name": "Object-based interactive challenge", "description": "Growth age local daughter experience audience population. How form election pick scene nice. Direction test can bill painting west magazine.", "visible": true, "archived": false, "locked_groups": false, "start_date": "2024-04-14T21:01:47.369Z", "deadline": "2024-07-04T21:01:47.369Z", "max_score": 98, "score_visible": false, "group_size": 11, "course": 1}}, {"model": "api.project", "pk": 4, "fields": {"name": "Configurable 3rdgeneration structure", "description": "Practice blood cover. Know option anything cost best.", "visible": true, "archived": false, "locked_groups": true, "start_date": "2024-03-22T21:01:47.369Z", "deadline": "2024-06-20T21:01:47.369Z", "max_score": 42, "score_visible": false, "group_size": 2, "course": 1}}, {"model": "api.structurecheck", "pk": 0, "fields": {"name": "/laugh/institution/recently", "project": 4, "obligated_extensions": [2, 4], "blocked_extensions": [3, 5]}}, {"model": "api.structurecheck", "pk": 1, "fields": {"name": "/rather/data", "project": 4, "obligated_extensions": [4, 5], "blocked_extensions": [1, 3]}}, {"model": "api.extracheck", "pk": 1, "fields": {"project": 3, "docker_image": 4, "file": "/life/police/her/firm/fire", "timeout": 878, "show_log": true}}, {"model": "api.student", "pk": "0", "fields": {"is_active": true, "student_id": "0", "courses": [1]}}, {"model": "api.student", "pk": "1", "fields": {"is_active": true, "student_id": "1", "courses": [1]}}, {"model": "api.student", "pk": "2", "fields": {"is_active": true, "student_id": "2", "courses": [1]}}, {"model": "api.student", "pk": "3", "fields": {"is_active": true, "student_id": "3", "courses": [1]}}, {"model": "api.student", "pk": "4", "fields": {"is_active": true, "student_id": "4", "courses": [1]}}, {"model": "api.student", "pk": "5", "fields": {"is_active": true, "student_id": "5", "courses": [1]}}, {"model": "api.student", "pk": "6", "fields": {"is_active": true, "student_id": "6", "courses": [1]}}, {"model": "api.student", "pk": "7", "fields": {"is_active": true, "student_id": "7", "courses": [1]}}, {"model": "api.student", "pk": "8", "fields": {"is_active": true, "student_id": "8", "courses": [1]}}, {"model": "api.student", "pk": "9", "fields": {"is_active": true, "student_id": "9", "courses": [1]}}, {"model": "api.group", "pk": 1, "fields": {"project": 3, "score": 86.0, "students": []}}, {"model": "api.group", "pk": 2, "fields": {"project": 2, "score": 12.0, "students": ["0", "8"]}}, {"model": "api.group", "pk": 3, "fields": {"project": 1, "score": 23.0, "students": ["1", "3", "4", "5", "7"]}}, {"model": "api.group", "pk": 4, "fields": {"project": 3, "score": 26.0, "students": []}}, {"model": "api.group", "pk": 5, "fields": {"project": 4, "score": 0.0, "students": []}}, {"model": "api.group", "pk": 6, "fields": {"project": 2, "score": 28.0, "students": ["2", "6", "9"]}}, {"model": "api.group", "pk": 7, "fields": {"project": 3, "score": 19.0, "students": []}}, {"model": "api.submission", "pk": 1, "fields": {"group": 2, "submission_number": null, "submission_time": "2024-04-10T00:00:00Z", "is_valid": true}}, {"model": "api.submission", "pk": 2, "fields": {"group": 1, "submission_number": null, "submission_time": "2024-04-08T00:00:00Z", "is_valid": true}}, {"model": "api.submission", "pk": 3, "fields": {"group": 3, "submission_number": null, "submission_time": "2024-04-04T00:00:00Z", "is_valid": true}}, {"model": "api.submission", "pk": 4, "fields": {"group": 2, "submission_number": null, "submission_time": "2024-04-22T00:00:00Z", "is_valid": true}}, {"model": "api.submission", "pk": 5, "fields": {"group": 4, "submission_number": null, "submission_time": "2024-04-18T00:00:00Z", "is_valid": false}}, {"model": "api.submission", "pk": 6, "fields": {"group": 2, "submission_number": null, "submission_time": "2024-04-18T00:00:00Z", "is_valid": true}}, {"model": "api.submission", "pk": 7, "fields": {"group": 7, "submission_number": null, "submission_time": "2024-04-18T00:00:00Z", "is_valid": true}}, {"model": "api.submission", "pk": 8, "fields": {"group": 6, "submission_number": null, "submission_time": "2024-04-07T00:00:00Z", "is_valid": true}}, {"model": "api.submission", "pk": 9, "fields": {"group": 5, "submission_number": null, "submission_time": "2024-04-08T00:00:00Z", "is_valid": false}}, {"model": "api.submission", "pk": 10, "fields": {"group": 4, "submission_number": null, "submission_time": "2024-04-13T00:00:00Z", "is_valid": true}}, {"model": "api.submissionfile", "pk": 1, "fields": {"submission": 4, "file": "/fill/if.csv"}}, {"model": "api.checkresult", "pk": 120982, "fields": {"polymorphic_ctype": null, "submission": 7, "result": "QUEUED", "error_message": null}}, {"model": "api.checkresult", "pk": 137659, "fields": {"polymorphic_ctype": null, "submission": 10, "result": "QUEUED", "error_message": null}}, {"model": "api.checkresult", "pk": 438056, "fields": {"polymorphic_ctype": null, "submission": 5, "result": "QUEUED", "error_message": null}}, {"model": "api.checkresult", "pk": 852830, "fields": {"polymorphic_ctype": null, "submission": 9, "result": "RUNNING", "error_message": null}}, {"model": "api.checkresult", "pk": 913747, "fields": {"polymorphic_ctype": null, "submission": 2, "result": "SUCCESS", "error_message": null}}, {"model": "api.checkresult", "pk": 951850, "fields": {"polymorphic_ctype": null, "submission": 9, "result": "FAILED", "error_message": "UNASKED_DIRECTORY"}}, {"model": "api.structurecheckresult", "pk": 852830, "fields": {"structure_check": 1}}, {"model": "api.structurecheckresult", "pk": 951850, "fields": {"structure_check": 0}}, {"model": "api.extracheckresult", "pk": 120982, "fields": {"extra_check": 1, "log_file": "/imagine/just/determine/quality/itself.json"}}, {"model": "api.extracheckresult", "pk": 137659, "fields": {"extra_check": 1, "log_file": "/with/exist.json"}}, {"model": "api.extracheckresult", "pk": 438056, "fields": {"extra_check": 1, "log_file": "/something/begin/best/citizen/animal/finish.csv"}}, {"model": "api.extracheckresult", "pk": 913747, "fields": {"extra_check": 1, "log_file": "/hand/trip/require/ahead/remember.csv"}}, {"model": "api.assistant", "pk": "10", "fields": {"is_active": true, "courses": [1]}}, {"model": "api.assistant", "pk": "11", "fields": {"is_active": true, "courses": [1]}}, {"model": "api.assistant", "pk": "12", "fields": {"is_active": true, "courses": [1]}}, {"model": "api.assistant", "pk": "13", "fields": {"is_active": true, "courses": [1]}}, {"model": "api.assistant", "pk": "14", "fields": {"is_active": true, "courses": [1]}}, {"model": "api.teacher", "pk": "15", "fields": {"is_active": true, "courses": [2]}}, {"model": "api.teacher", "pk": "16", "fields": {"is_active": true, "courses": [1]}}, {"model": "api.teacher", "pk": "17", "fields": {"is_active": true, "courses": [2]}}]