[{"model": "api.fileextension", "pk": 1, "fields": {"extension": "pdf"}}, {"model": "api.fileextension", "pk": 2, "fields": {"extension": "flac"}}, {"model": "api.fileextension", "pk": 3, "fields": {"extension": "jpg"}}, {"model": "api.fileextension", "pk": 4, "fields": {"extension": "ppt"}}, {"model": "api.fileextension", "pk": 5, "fields": {"extension": "doc"}}, {"model": "api.fileextension", "pk": 6, "fields": {"extension": "json"}}, {"model": "api.fileextension", "pk": 7, "fields": {"extension": "xlsx"}}, {"model": "api.fileextension", "pk": 8, "fields": {"extension": "tiff"}}, {"model": "api.fileextension", "pk": 9, "fields": {"extension": "html"}}, {"model": "api.fileextension", "pk": 10, "fields": {"extension": "mp3"}}, {"model": "api.fileextension", "pk": 11, "fields": {"extension": "avi"}}, {"model": "api.fileextension", "pk": 12, "fields": {"extension": "mov"}}, {"model": "api.fileextension", "pk": 13, "fields": {"extension": "js"}}, {"model": "api.fileextension", "pk": 14, "fields": {"extension": "wav"}}, {"model": "api.fileextension", "pk": 15, "fields": {"extension": "mp4"}}, {"model": "api.fileextension", "pk": 16, "fields": {"extension": "xls"}}, {"model": "api.fileextension", "pk": 17, "fields": {"extension": "key"}}, {"model": "api.fileextension", "pk": 18, "fields": {"extension": "ods"}}, {"model": "api.fileextension", "pk": 19, "fields": {"extension": "odt"}}, {"model": "api.fileextension", "pk": 20, "fields": {"extension": "css"}}, {"model": "api.fileextension", "pk": 21, "fields": {"extension": "jpeg"}}, {"model": "api.fileextension", "pk": 22, "fields": {"extension": "pages"}}, {"model": "api.fileextension", "pk": 23, "fields": {"extension": "gif"}}, {"model": "api.fileextension", "pk": 24, "fields": {"extension": "csv"}}, {"model": "api.fileextension", "pk": 25, "fields": {"extension": "webm"}}, {"model": "api.fileextension", "pk": 26, "fields": {"extension": "png"}}, {"model": "api.fileextension", "pk": 27, "fields": {"extension": "odp"}}, {"model": "api.fileextension", "pk": 28, "fields": {"extension": "docx"}}, {"model": "api.fileextension", "pk": 29, "fields": {"extension": "txt"}}, {"model": "api.fileextension", "pk": 30, "fields": {"extension": "pptx"}}, {"model": "api.fileextension", "pk": 31, "fields": {"extension": "bmp"}}, {"model": "api.fileextension", "pk": 32, "fields": {"extension": "numbers"}}, {"model": "api.course", "pk": 2007, "fields": {"name": "Enhanced multi-state analyzer", "academic_startyear": 2025, "description": "Group pressure return ready important themselves. Bed name join. Production someone happen soldier land.", "faculty": "Ingenieurswetenschappen_Architectuur", "parent_course": null}}, {"model": "api.course", "pk": 2008, "fields": {"name": "Profit-focused methodical help-desk", "academic_startyear": 2023, "description": "Arrive author until think. Network technology top soon fear west. School work book action role best food. Check fine expert while so.", "faculty": "Geneeskunde_Gezondheidswetenschappen", "parent_course": null}}, {"model": "api.course", "pk": 2009, "fields": {"name": "Cloned local protocol", "academic_startyear": 2024, "description": "Believe these vote key like pay.", "faculty": "Ingenieurswetenschappen_Architectuur", "parent_course": null}}, {"model": "api.project", "pk": 4009, "fields": {"name": "Multi-layered 4thgeneration software", "description": "Forget company sometimes right. Management include music mission. Professional relate pressure pretty.", "visible": true, "archived": false, "locked_groups": false, "start_date": "2024-03-06T15:08:42.466Z", "deadline": "2024-06-05T15:08:42.466Z", "max_score": 29, "score_visible": true, "group_size": 1, "course": 2009}}, {"model": "api.project", "pk": 4010, "fields": {"name": "Self-enabling 6thgeneration focus group", "description": "Tax piece federal senior nor miss bar commercial. Drop since range fast conference. Color live southern city prepare also.", "visible": true, "archived": false, "locked_groups": false, "start_date": "2024-04-11T15:08:42.466Z", "deadline": "2024-06-10T15:08:42.466Z", "max_score": 33, "score_visible": true, "group_size": 15, "course": 2008}}, {"model": "api.project", "pk": 4011, "fields": {"name": "Upgradable regional intranet", "description": "Federal response color official these task let. Amount available on difficult. Best try pattern response.", "visible": true, "archived": false, "locked_groups": false, "start_date": "2024-04-29T15:08:42.466Z", "deadline": "2024-04-23T15:08:42.466Z", "max_score": 23, "score_visible": false, "group_size": 10, "course": 2007}}, {"model": "api.project", "pk": 4012, "fields": {"name": "Balanced bifurcated productivity", "description": "Deal rather law team ability brother policy. Body since economy parent cold material interesting fear.", "visible": false, "archived": false, "locked_groups": false, "start_date": "2024-04-27T15:08:42.467Z", "deadline": "2024-04-21T15:08:42.467Z", "max_score": 10, "score_visible": false, "group_size": 4, "course": 2007}}, {"model": "api.structurecheck", "pk": 8017, "fields": {"name": "/form/hear/fire/sort/discussion", "project": 4011, "obligated_extensions": [26], "blocked_extensions": [13]}}, {"model": "api.structurecheck", "pk": 8018, "fields": {"name": "/sport/record/feel/though/look/surface/far/laugh/weight", "project": 4011, "obligated_extensions": [15, 18, 19, 25, 27], "blocked_extensions": [5, 16, 32]}}, {"model": "api.structurecheck", "pk": 8019, "fields": {"name": "/team/human/kitchen/without/environment", "project": 4009, "obligated_extensions": [2, 17, 23, 30], "blocked_extensions": [4]}}, {"model": "api.structurecheck", "pk": 8020, "fields": {"name": "/factor/live/sea/cup/boy", "project": 4011, "obligated_extensions": [14, 17, 21, 29, 30], "blocked_extensions": [31]}}, {"model": "api.structurecheck", "pk": 8021, "fields": {"name": "/discover/dark/by/everyone/before/baby/decade/fear/most/truth", "project": 4010, "obligated_extensions": [3, 22], "blocked_extensions": [2]}}, {"model": "api.structurecheck", "pk": 8022, "fields": {"name": "/bill/air/position/meet/four/lot/tough/rich/visit/effect/data", "project": 4012, "obligated_extensions": [9, 30], "blocked_extensions": [27, 28]}}, {"model": "api.structurecheck", "pk": 8023, "fields": {"name": "/nor/agent/find/win/into/most/stage/enter/none/modern/process", "project": 4012, "obligated_extensions": [4, 6, 26, 29, 32], "blocked_extensions": [24]}}, {"model": "api.structurecheck", "pk": 8024, "fields": {"name": "/this/consider/reflect/none/head/always/response/space/ahead/behavior", "project": 4011, "obligated_extensions": [12, 27], "blocked_extensions": [18, 30, 31]}}, {"model": "api.student", "pk": "0", "fields": {"is_active": true, "student_id": "0", "courses": [2007]}}, {"model": "api.student", "pk": "1", "fields": {"is_active": true, "student_id": "1", "courses": [2007]}}, {"model": "api.student", "pk": "2", "fields": {"is_active": true, "student_id": "2", "courses": [2007]}}, {"model": "api.student", "pk": "3", "fields": {"is_active": true, "student_id": "3", "courses": [2007]}}, {"model": "api.student", "pk": "4", "fields": {"is_active": true, "student_id": "4", "courses": [2007]}}, {"model": "api.student", "pk": "5", "fields": {"is_active": true, "student_id": "5", "courses": [2007]}}, {"model": "api.student", "pk": "6", "fields": {"is_active": true, "student_id": "6", "courses": [2007]}}, {"model": "api.student", "pk": "7", "fields": {"is_active": true, "student_id": "7", "courses": [2007]}}, {"model": "api.student", "pk": "8", "fields": {"is_active": true, "student_id": "8", "courses": [2007]}}, {"model": "api.student", "pk": "9", "fields": {"is_active": true, "student_id": "9", "courses": [2007]}}, {"model": "api.group", "pk": 4015, "fields": {"project": 4010, "score": 22.0, "students": []}}, {"model": "api.group", "pk": 4016, "fields": {"project": 4010, "score": 13.0, "students": ["4", "5", "7", "8"]}}, {"model": "api.group", "pk": 4017, "fields": {"project": 4009, "score": 3.0, "students": ["0", "9"]}}, {"model": "api.group", "pk": 4018, "fields": {"project": 4010, "score": 33.0, "students": ["1"]}}, {"model": "api.group", "pk": 4019, "fields": {"project": 4009, "score": 1.0, "students": ["2", "6"]}}, {"model": "api.group", "pk": 4020, "fields": {"project": 4011, "score": 19.0, "students": ["3"]}}, {"model": "api.group", "pk": 4021, "fields": {"project": 4011, "score": 13.0, "students": []}}, {"model": "api.submission", "pk": 4021, "fields": {"group": 4020, "submission_number": null, "submission_time": "2024-04-06T00:00:00Z"}}, {"model": "api.submission", "pk": 4022, "fields": {"group": 4018, "submission_number": null, "submission_time": "2024-04-05T00:00:00Z"}}, {"model": "api.submission", "pk": 4023, "fields": {"group": 4019, "submission_number": null, "submission_time": "2024-04-06T00:00:00Z"}}, {"model": "api.submission", "pk": 4024, "fields": {"group": 4019, "submission_number": null, "submission_time": "2024-04-07T00:00:00Z"}}, {"model": "api.submission", "pk": 4025, "fields": {"group": 4017, "submission_number": null, "submission_time": "2024-04-01T00:00:00Z"}}, {"model": "api.submission", "pk": 4026, "fields": {"group": 4015, "submission_number": null, "submission_time": "2024-04-10T00:00:00Z"}}, {"model": "api.submission", "pk": 4027, "fields": {"group": 4017, "submission_number": null, "submission_time": "2024-04-03T00:00:00Z"}}, {"model": "api.submission", "pk": 4028, "fields": {"group": 4016, "submission_number": null, "submission_time": "2024-04-04T00:00:00Z"}}, {"model": "api.submission", "pk": 4029, "fields": {"group": 4016, "submission_number": null, "submission_time": "2024-04-13T00:00:00Z"}}, {"model": "api.submission", "pk": 4030, "fields": {"group": 4017, "submission_number": null, "submission_time": "2024-04-10T00:00:00Z"}}, {"model": "api.assistant", "pk": "10", "fields": {"is_active": true, "courses": [2009]}}, {"model": "api.assistant", "pk": "11", "fields": {"is_active": true, "courses": [2007]}}, {"model": "api.assistant", "pk": "12", "fields": {"is_active": true, "courses": [2007]}}, {"model": "api.assistant", "pk": "13", "fields": {"is_active": true, "courses": [2008]}}, {"model": "api.assistant", "pk": "14", "fields": {"is_active": true, "courses": [2007]}}, {"model": "api.teacher", "pk": "15", "fields": {"is_active": true, "courses": [2007]}}, {"model": "api.teacher", "pk": "16", "fields": {"is_active": true, "courses": [2008]}}, {"model": "api.teacher", "pk": "17", "fields": {"is_active": true, "courses": [2008]}}]