[{"model": "api.fileextension", "pk": 1, "fields": {"extension": "class"}}, {"model": "api.fileextension", "pk": 2, "fields": {"extension": "png"}}, {"model": "api.fileextension", "pk": 3, "fields": {"extension": "java"}}, {"model": "api.fileextension", "pk": 4, "fields": {"extension": "py"}}, {"model": "api.fileextension", "pk": 5, "fields": {"extension": "gif"}}, {"model": "api.fileextension", "pk": 6, "fields": {"extension": "xlsx"}}, {"model": "api.fileextension", "pk": 7, "fields": {"extension": "html"}}, {"model": "api.fileextension", "pk": 8, "fields": {"extension": "odp"}}, {"model": "api.fileextension", "pk": 9, "fields": {"extension": "txt"}}, {"model": "api.fileextension", "pk": 10, "fields": {"extension": "jpeg"}}, {"model": "api.fileextension", "pk": 11, "fields": {"extension": "bmp"}}, {"model": "api.fileextension", "pk": 12, "fields": {"extension": "css"}}, {"model": "api.fileextension", "pk": 13, "fields": {"extension": "wav"}}, {"model": "api.fileextension", "pk": 14, "fields": {"extension": "jpg"}}, {"model": "api.fileextension", "pk": 15, "fields": {"extension": "flac"}}, {"model": "api.fileextension", "pk": 16, "fields": {"extension": "numbers"}}, {"model": "api.fileextension", "pk": 17, "fields": {"extension": "csv"}}, {"model": "api.fileextension", "pk": 18, "fields": {"extension": "mp3"}}, {"model": "api.fileextension", "pk": 19, "fields": {"extension": "odt"}}, {"model": "api.fileextension", "pk": 20, "fields": {"extension": "mp4"}}, {"model": "api.fileextension", "pk": 21, "fields": {"extension": "pdf"}}, {"model": "api.fileextension", "pk": 22, "fields": {"extension": "mov"}}, {"model": "api.fileextension", "pk": 23, "fields": {"extension": "ods"}}, {"model": "api.fileextension", "pk": 24, "fields": {"extension": "pptx"}}, {"model": "api.fileextension", "pk": 25, "fields": {"extension": "avi"}}, {"model": "api.fileextension", "pk": 26, "fields": {"extension": "json"}}, {"model": "api.fileextension", "pk": 27, "fields": {"extension": "tiff"}}, {"model": "api.fileextension", "pk": 28, "fields": {"extension": "webm"}}, {"model": "api.fileextension", "pk": 29, "fields": {"extension": "ppt"}}, {"model": "api.fileextension", "pk": 30, "fields": {"extension": "pages"}}, {"model": "api.fileextension", "pk": 31, "fields": {"extension": "key"}}, {"model": "api.fileextension", "pk": 32, "fields": {"extension": "js"}}, {"model": "api.fileextension", "pk": 33, "fields": {"extension": "xls"}}, {"model": "api.fileextension", "pk": 34, "fields": {"extension": "docx"}}, {"model": "api.fileextension", "pk": 35, "fields": {"extension": "doc"}}, {"model": "api.course", "pk": 2515, "fields": {"name": "Cross-platform next generation protocol", "academic_startyear": 2025, "description": "Son sometimes happen young. Land turn benefit listen similar.", "faculty": "Psychologie_PedagogischeWetenschappen", "parent_course": null}}, {"model": "api.course", "pk": 2516, "fields": {"name": "Ameliorated object-oriented superstructure", "academic_startyear": 2024, "description": "When less true deep. West drug money price area mind hit believe.", "faculty": "Letteren_Wijsbegeerte", "parent_course": null}}, {"model": "api.course", "pk": 2517, "fields": {"name": "Triple-buffered secondary algorithm", "academic_startyear": 2024, "description": "Hundred yourself politics world yet window star. Color draw recent control suddenly gun per by. Population peace soon enjoy.", "faculty": "Politieke_Sociale_Wetenschappen", "parent_course": null}}, {"model": "api.project", "pk": 128465, "fields": {"name": "Mandatory transitional challenge", "description": "Executive yourself work responsibility. Your student top.", "visible": false, "archived": false, "locked_groups": false, "start_date": "2024-07-21T21:08:33.390Z", "deadline": "2024-05-28T21:08:33.390Z", "max_score": 12, "score_visible": false, "group_size": 5, "course": 2517}}, {"model": "api.project", "pk": 128466, "fields": {"name": "Balanced eco-centric superstructure", "description": "Meet better improve prevent everything. As ground effect word industry.", "visible": true, "archived": true, "locked_groups": false, "start_date": "2024-06-05T21:08:33.390Z", "deadline": "2024-06-14T21:08:33.390Z", "max_score": 83, "score_visible": true, "group_size": 14, "course": 2516}}, {"model": "api.project", "pk": 128467, "fields": {"name": "Reduced intangible synergy", "description": "Catch third boy discuss. Movie value both address father like food look.", "visible": true, "archived": false, "locked_groups": false, "start_date": "2024-02-01T21:08:33.390Z", "deadline": "2024-06-03T21:08:33.390Z", "max_score": 38, "score_visible": true, "group_size": 8, "course": 2515}}, {"model": "api.project", "pk": 128468, "fields": {"name": "Advanced eco-centric migration", "description": "Town alone point goal heart.", "visible": true, "archived": false, "locked_groups": false, "start_date": "2024-06-05T21:08:33.391Z", "deadline": "2024-05-19T21:08:33.391Z", "max_score": 9, "score_visible": false, "group_size": 15, "course": 2516}}, {"model": "api.structurecheck", "pk": 10017, "fields": {"name": "/bed/reach/add/good/owner/though/across/range/candidate", "project": 128468, "obligated_extensions": [9, 27], "blocked_extensions": [8, 11, 22]}}, {"model": "api.structurecheck", "pk": 10018, "fields": {"name": "/attack/fund/magazine/include/sea/candidate/citizen/then", "project": 128466, "obligated_extensions": [4, 16, 17, 31], "blocked_extensions": [13, 22, 27, 28]}}, {"model": "api.structurecheck", "pk": 10019, "fields": {"name": "/establish/difficult/push/difficult/sort/true/home/table/tree/contain", "project": 128466, "obligated_extensions": [20, 24, 30, 33, 35], "blocked_extensions": [8, 12, 16, 32]}}, {"model": "api.structurecheck", "pk": 10020, "fields": {"name": "/white/guy/west/painting/former/not/off/even/whether", "project": 128465, "obligated_extensions": [3, 6, 17, 33], "blocked_extensions": [12, 22, 24, 32]}}, {"model": "api.structurecheck", "pk": 10021, "fields": {"name": "/specific/others/some/long/follow/need/campaign/policy/rest", "project": 128467, "obligated_extensions": [12, 21, 25, 35], "blocked_extensions": [16, 20, 26, 32]}}, {"model": "api.structurecheck", "pk": 10022, "fields": {"name": "/item/size/improve", "project": 128465, "obligated_extensions": [4, 34], "blocked_extensions": [33]}}, {"model": "api.structurecheck", "pk": 10023, "fields": {"name": "/up/summer/price", "project": 128465, "obligated_extensions": [13], "blocked_extensions": [28, 30, 34, 35]}}, {"model": "api.structurecheck", "pk": 10024, "fields": {"name": "/star/full/help/happen/force/nothing/media", "project": 128467, "obligated_extensions": [20, 24, 25, 34], "blocked_extensions": [3, 4, 6, 19, 33]}}, {"model": "api.student", "pk": "0", "fields": {"is_active": true, "student_id": "0", "courses": [2515]}}, {"model": "api.student", "pk": "1", "fields": {"is_active": true, "student_id": "1", "courses": [2515]}}, {"model": "api.student", "pk": "2", "fields": {"is_active": true, "student_id": "2", "courses": [2515]}}, {"model": "api.student", "pk": "3", "fields": {"is_active": true, "student_id": "3", "courses": [2515]}}, {"model": "api.student", "pk": "4", "fields": {"is_active": true, "student_id": "4", "courses": [2515]}}, {"model": "api.student", "pk": "5", "fields": {"is_active": true, "student_id": "5", "courses": [2515]}}, {"model": "api.student", "pk": "6", "fields": {"is_active": true, "student_id": "6", "courses": [2515]}}, {"model": "api.student", "pk": "7", "fields": {"is_active": true, "student_id": "7", "courses": [2515]}}, {"model": "api.student", "pk": "8", "fields": {"is_active": true, "student_id": "8", "courses": [2515]}}, {"model": "api.student", "pk": "9", "fields": {"is_active": true, "student_id": "9", "courses": [2515]}}, {"model": "api.group", "pk": 5021, "fields": {"project": 128466, "score": 15.0, "students": ["6", "8"]}}, {"model": "api.group", "pk": 5022, "fields": {"project": 128465, "score": 7.0, "students": ["0"]}}, {"model": "api.group", "pk": 5023, "fields": {"project": 128465, "score": 3.0, "students": []}}, {"model": "api.group", "pk": 5024, "fields": {"project": 128465, "score": 2.0, "students": []}}, {"model": "api.group", "pk": 5025, "fields": {"project": 128468, "score": 8.0, "students": ["1", "5"]}}, {"model": "api.group", "pk": 5026, "fields": {"project": 128465, "score": 11.0, "students": ["3", "7", "9"]}}, {"model": "api.group", "pk": 5027, "fields": {"project": 128468, "score": 7.0, "students": ["2", "4"]}}, {"model": "api.submission", "pk": 5025, "fields": {"group": 5021, "submission_number": null, "submission_time": "2024-04-06T00:00:00Z", "structure_checks_passed": true}}, {"model": "api.submission", "pk": 5026, "fields": {"group": 5026, "submission_number": null, "submission_time": "2024-04-12T00:00:00Z", "structure_checks_passed": true}}, {"model": "api.submission", "pk": 5027, "fields": {"group": 5025, "submission_number": null, "submission_time": "2024-04-12T00:00:00Z", "structure_checks_passed": true}}, {"model": "api.submission", "pk": 5028, "fields": {"group": 5021, "submission_number": null, "submission_time": "2024-04-06T00:00:00Z", "structure_checks_passed": true}}, {"model": "api.submission", "pk": 5029, "fields": {"group": 5021, "submission_number": null, "submission_time": "2024-04-02T00:00:00Z", "structure_checks_passed": true}}, {"model": "api.submission", "pk": 5030, "fields": {"group": 5026, "submission_number": null, "submission_time": "2024-04-12T00:00:00Z", "structure_checks_passed": true}}, {"model": "api.submission", "pk": 5031, "fields": {"group": 5024, "submission_number": null, "submission_time": "2024-04-08T00:00:00Z", "structure_checks_passed": true}}, {"model": "api.submission", "pk": 5032, "fields": {"group": 5024, "submission_number": null, "submission_time": "2024-04-12T00:00:00Z", "structure_checks_passed": true}}, {"model": "api.submission", "pk": 5033, "fields": {"group": 5023, "submission_number": null, "submission_time": "2024-04-11T00:00:00Z", "structure_checks_passed": true}}, {"model": "api.submission", "pk": 5034, "fields": {"group": 5021, "submission_number": null, "submission_time": "2024-04-10T00:00:00Z", "structure_checks_passed": false}}, {"model": "api.assistant", "pk": "10", "fields": {"is_active": true, "courses": [2515]}}, {"model": "api.assistant", "pk": "11", "fields": {"is_active": true, "courses": [2516]}}, {"model": "api.assistant", "pk": "12", "fields": {"is_active": true, "courses": [2516]}}, {"model": "api.assistant", "pk": "13", "fields": {"is_active": true, "courses": [2516]}}, {"model": "api.assistant", "pk": "14", "fields": {"is_active": true, "courses": [2515]}}, {"model": "api.teacher", "pk": "15", "fields": {"is_active": true, "courses": [2516]}}, {"model": "api.teacher", "pk": "16", "fields": {"is_active": true, "courses": [2515]}}, {"model": "api.teacher", "pk": "17", "fields": {"is_active": true, "courses": [2515]}}]