[{"model": "api.dockerimage", "pk": 1, "fields": {"name": "every.bmp", "file": "/sit/way", "owner": "14", "public": true}}, {"model": "api.dockerimage", "pk": 2, "fields": {"name": "call.jpg", "file": "/industry/woman/factor/million", "owner": "0", "public": true}}, {"model": "api.dockerimage", "pk": 3, "fields": {"name": "reach.bmp", "file": "/how", "owner": "0", "public": true}}, {"model": "api.dockerimage", "pk": 4, "fields": {"name": "him.gif", "file": "/continue/majority/even/above", "owner": "3", "public": true}}, {"model": "api.dockerimage", "pk": 5, "fields": {"name": "beyond.bmp", "file": "/pass", "owner": "2", "public": true}}, {"model": "api.fileextension", "pk": 1, "fields": {"extension": "mov"}}, {"model": "api.fileextension", "pk": 2, "fields": {"extension": "pdf"}}, {"model": "api.fileextension", "pk": 3, "fields": {"extension": "wav"}}, {"model": "api.fileextension", "pk": 4, "fields": {"extension": "jpeg"}}, {"model": "api.fileextension", "pk": 5, "fields": {"extension": "ppt"}}, {"model": "api.course", "pk": 1, "fields": {"name": "Multi-lateral cohesive application", "academic_startyear": 2021, "excerpt": "History south physical scene anything modern.", "description": "Hundred better spring surface international. Answer fast moment manager. Power man more land single student.", "faculty": "Farmaceutische_Wetenschappen", "parent_course": null}}, {"model": "api.course", "pk": 2, "fields": {"name": "Down-sized 4thgeneration interface", "academic_startyear": 2025, "excerpt": "First though middle open.", "description": "Article deep near. Cost everybody foot. City direction both position.", "faculty": "Economie_Bedrijfskunde", "parent_course": null}}, {"model": "api.course", "pk": 3, "fields": {"name": "Configurable disintermediate emulation", "academic_startyear": 2021, "excerpt": "Any white can final year perhaps table student.", "description": "They entire glass father buy.", "faculty": "Wetenschappen", "parent_course": null}}, {"model": "api.project", "pk": 1, "fields": {"name": "Function-based value-added complexity", "description": "Color wait financial station talk lawyer thousand produce. More bank late media himself worker particularly. Style tell face cut those watch.", "visible": true, "archived": false, "locked_groups": true, "start_date": "2024-05-18T19:48:08.936Z", "deadline": "2024-07-09T19:48:08.936Z", "max_score": 96, "score_visible": true, "group_size": 3, "course": 1}}, {"model": "api.project", "pk": 2, "fields": {"name": "Future-proofed incremental orchestration", "description": "Provide sense protect economic positive fine. Six still use. Future late life style Democrat learn.", "visible": true, "archived": false, "locked_groups": false, "start_date": "2024-06-15T19:48:08.936Z", "deadline": "2024-09-11T19:48:08.936Z", "max_score": 84, "score_visible": false, "group_size": 8, "course": 2}}, {"model": "api.project", "pk": 3, "fields": {"name": "Fully-configurable human-resource Local Area Network", "description": "Draw mouth true marriage. Follow six establish.", "visible": true, "archived": false, "locked_groups": false, "start_date": "2024-06-30T19:48:08.936Z", "deadline": "2024-09-21T19:48:08.936Z", "max_score": 37, "score_visible": true, "group_size": 1, "course": 1}}, {"model": "api.project", "pk": 4, "fields": {"name": "Reactive system-worthy pricing structure", "description": "Miss opportunity deal pattern capital week safe ok. Least candidate sea traditional oil front late.", "visible": true, "archived": false, "locked_groups": false, "start_date": "2024-07-02T19:48:08.936Z", "deadline": "2024-09-03T19:48:08.936Z", "max_score": 14, "score_visible": false, "group_size": 12, "course": 3}}, {"model": "api.structurecheck", "pk": 0, "fields": {"name": "/believe", "project": 4, "obligated_extensions": [3, 4, 5], "blocked_extensions": [1]}}, {"model": "api.structurecheck", "pk": 1, "fields": {"name": "/gas/knowledge/foreign", "project": 4, "obligated_extensions": [1], "blocked_extensions": [3, 4, 5]}}, {"model": "api.extracheck", "pk": 1, "fields": {"project": 4, "docker_image": 1, "file": "/ground/imagine/value/down", "timeout": 113, "show_log": false}}, {"model": "api.student", "pk": "0", "fields": {"is_active": true, "student_id": "0", "courses": [1]}}, {"model": "api.student", "pk": "1", "fields": {"is_active": true, "student_id": "1", "courses": [1]}}, {"model": "api.student", "pk": "2", "fields": {"is_active": true, "student_id": "2", "courses": [1]}}, {"model": "api.student", "pk": "3", "fields": {"is_active": true, "student_id": "3", "courses": [1]}}, {"model": "api.student", "pk": "4", "fields": {"is_active": true, "student_id": "4", "courses": [1]}}, {"model": "api.student", "pk": "5", "fields": {"is_active": true, "student_id": "5", "courses": [1]}}, {"model": "api.student", "pk": "6", "fields": {"is_active": true, "student_id": "6", "courses": [1]}}, {"model": "api.student", "pk": "7", "fields": {"is_active": true, "student_id": "7", "courses": [1]}}, {"model": "api.student", "pk": "8", "fields": {"is_active": true, "student_id": "8", "courses": [1]}}, {"model": "api.student", "pk": "9", "fields": {"is_active": true, "student_id": "9", "courses": [1]}}, {"model": "api.group", "pk": 1, "fields": {"project": 2, "score": 21.0, "students": ["5", "7", "8", "9"]}}, {"model": "api.group", "pk": 2, "fields": {"project": 4, "score": 8.0, "students": []}}, {"model": "api.group", "pk": 3, "fields": {"project": 2, "score": 43.0, "students": []}}, {"model": "api.group", "pk": 4, "fields": {"project": 4, "score": 0.0, "students": []}}, {"model": "api.group", "pk": 5, "fields": {"project": 1, "score": 82.0, "students": ["0", "1", "3"]}}, {"model": "api.group", "pk": 6, "fields": {"project": 1, "score": 77.0, "students": []}}, {"model": "api.group", "pk": 7, "fields": {"project": 1, "score": 88.0, "students": ["2", "4", "6"]}}, {"model": "api.submission", "pk": 1, "fields": {"group": 5, "submission_number": null, "submission_time": "2024-04-10T00:00:00Z", "is_valid": false}}, {"model": "api.submission", "pk": 2, "fields": {"group": 7, "submission_number": null, "submission_time": "2024-04-04T00:00:00Z", "is_valid": true}}, {"model": "api.submission", "pk": 3, "fields": {"group": 1, "submission_number": null, "submission_time": "2024-04-04T00:00:00Z", "is_valid": false}}, {"model": "api.submission", "pk": 4, "fields": {"group": 3, "submission_number": null, "submission_time": "2024-04-04T00:00:00Z", "is_valid": false}}, {"model": "api.submission", "pk": 5, "fields": {"group": 5, "submission_number": null, "submission_time": "2024-04-05T00:00:00Z", "is_valid": true}}, {"model": "api.submission", "pk": 6, "fields": {"group": 3, "submission_number": null, "submission_time": "2024-04-15T00:00:00Z", "is_valid": true}}, {"model": "api.submission", "pk": 7, "fields": {"group": 3, "submission_number": null, "submission_time": "2024-04-22T00:00:00Z", "is_valid": true}}, {"model": "api.submission", "pk": 8, "fields": {"group": 1, "submission_number": null, "submission_time": "2024-04-23T00:00:00Z", "is_valid": true}}, {"model": "api.submission", "pk": 9, "fields": {"group": 1, "submission_number": null, "submission_time": "2024-04-14T00:00:00Z", "is_valid": false}}, {"model": "api.submission", "pk": 10, "fields": {"group": 5, "submission_number": null, "submission_time": "2024-04-05T00:00:00Z", "is_valid": true}}, {"model": "api.submissionfile", "pk": 1, "fields": {"submission": 9, "file": "/institution/exactly/tend/parent/like.mp3"}}, {"model": "api.assistant", "pk": "10", "fields": {"is_active": true, "courses": [1]}}, {"model": "api.assistant", "pk": "11", "fields": {"is_active": true, "courses": [2]}}, {"model": "api.assistant", "pk": "12", "fields": {"is_active": true, "courses": [1]}}, {"model": "api.assistant", "pk": "13", "fields": {"is_active": true, "courses": [1]}}, {"model": "api.assistant", "pk": "14", "fields": {"is_active": true, "courses": [1]}}, {"model": "api.teacher", "pk": "15", "fields": {"is_active": true, "courses": [2]}}, {"model": "api.teacher", "pk": "16", "fields": {"is_active": true, "courses": [1]}}, {"model": "api.teacher", "pk": "17", "fields": {"is_active": true, "courses": [1]}}]