[{"model": "api.dockerimage", "pk": 1, "fields": {"name": "far.gif", "file": "/population/huge/other/identify", "owner": "15", "public": true}}, {"model": "api.dockerimage", "pk": 2, "fields": {"name": "heart.gif", "file": "/treat/enjoy", "owner": "4", "public": true}}, {"model": "api.dockerimage", "pk": 3, "fields": {"name": "price.tiff", "file": "/thus/teacher/heart", "owner": "15", "public": true}}, {"model": "api.dockerimage", "pk": 4, "fields": {"name": "strategy.jpg", "file": "/always/a/born/wonder/yes", "owner": "12", "public": true}}, {"model": "api.dockerimage", "pk": 5, "fields": {"name": "religious.bmp", "file": "/every/great/whom", "owner": "10", "public": true}}, {"model": "api.fileextension", "pk": 1, "fields": {"extension": "bmp"}}, {"model": "api.fileextension", "pk": 2, "fields": {"extension": "gif"}}, {"model": "api.fileextension", "pk": 3, "fields": {"extension": "xls"}}, {"model": "api.fileextension", "pk": 4, "fields": {"extension": "mp4"}}, {"model": "api.fileextension", "pk": 5, "fields": {"extension": "wav"}}, {"model": "api.course", "pk": 1, "fields": {"name": "Stand-alone incremental function", "academic_startyear": 2024, "description": "Perform draw exactly they. Learn fact find read lay include.", "faculty": "Ingenieurswetenschappen_Architectuur", "parent_course": null}}, {"model": "api.course", "pk": 2, "fields": {"name": "Universal client-driven architecture", "academic_startyear": 2025, "description": "Peace sound shake ever current give.", "faculty": "Letteren_Wijsbegeerte", "parent_course": null}}, {"model": "api.course", "pk": 3, "fields": {"name": "Adaptive system-worthy instruction set", "academic_startyear": 2023, "description": "Wait specific new consider. Get natural early step their third there. A resource green follow mother.", "faculty": "Bio-ingenieurswetenschappen", "parent_course": null}}, {"model": "api.project", "pk": 1, "fields": {"name": "Organized grid-enabled analyzer", "description": "Process leave character improve almost something western. Character cut remain energy prepare political.", "visible": true, "archived": false, "locked_groups": false, "start_date": "2024-03-12T21:31:28.243Z", "deadline": "2024-05-22T21:31:28.243Z", "max_score": 72, "score_visible": false, "group_size": 15, "course": 1}}, {"model": "api.project", "pk": 2, "fields": {"name": "Front-line system-worthy database", "description": "Every stand memory machine culture expect reduce record. Actually because happy again admit. Serious feel property accept century up.", "visible": true, "archived": false, "locked_groups": true, "start_date": "2024-01-18T21:31:28.243Z", "deadline": "2024-06-22T21:31:28.243Z", "max_score": 47, "score_visible": true, "group_size": 9, "course": 3}}, {"model": "api.project", "pk": 3, "fields": {"name": "Integrated encompassing utilization", "description": "Area detail ahead win. Civil according she peace something front that lot. None food none structure want will.", "visible": true, "archived": false, "locked_groups": false, "start_date": "2024-01-19T21:31:28.243Z", "deadline": "2024-07-06T21:31:28.243Z", "max_score": 75, "score_visible": true, "group_size": 3, "course": 1}}, {"model": "api.project", "pk": 4, "fields": {"name": "De-engineered interactive info-mediaries", "description": "Central pull boy address feel recognize eat. Couple radio glass special free. Ago present air doctor husband worker beat attention. Like fight data lose south same summer population.", "visible": true, "archived": false, "locked_groups": false, "start_date": "2024-05-25T21:31:28.243Z", "deadline": "2024-06-22T21:31:28.243Z", "max_score": 50, "score_visible": false, "group_size": 13, "course": 2}}, {"model": "api.structurecheck", "pk": 0, "fields": {"name": "/go/hear/believe/role/alone/determine", "project": 3, "obligated_extensions": [2, 3, 4], "blocked_extensions": [4]}}, {"model": "api.structurecheck", "pk": 1, "fields": {"name": "/enough/model/station", "project": 3, "obligated_extensions": [3], "blocked_extensions": [2, 3, 5]}}, {"model": "api.extracheck", "pk": 1, "fields": {"project": 4, "docker_image": 1, "file": "/concern/energy/trouble/kitchen/suggest", "timeout": 276, "show_log": true}}, {"model": "api.student", "pk": "0", "fields": {"is_active": true, "student_id": "0", "courses": [1]}}, {"model": "api.student", "pk": "1", "fields": {"is_active": true, "student_id": "1", "courses": [1]}}, {"model": "api.student", "pk": "2", "fields": {"is_active": true, "student_id": "2", "courses": [1]}}, {"model": "api.student", "pk": "3", "fields": {"is_active": true, "student_id": "3", "courses": [1]}}, {"model": "api.student", "pk": "4", "fields": {"is_active": true, "student_id": "4", "courses": [1]}}, {"model": "api.student", "pk": "5", "fields": {"is_active": true, "student_id": "5", "courses": [1]}}, {"model": "api.student", "pk": "6", "fields": {"is_active": true, "student_id": "6", "courses": [1]}}, {"model": "api.student", "pk": "7", "fields": {"is_active": true, "student_id": "7", "courses": [1]}}, {"model": "api.student", "pk": "8", "fields": {"is_active": true, "student_id": "8", "courses": [1]}}, {"model": "api.student", "pk": "9", "fields": {"is_active": true, "student_id": "9", "courses": [1]}}, {"model": "api.group", "pk": 1, "fields": {"project": 3, "score": 50.0, "students": []}}, {"model": "api.group", "pk": 2, "fields": {"project": 1, "score": 8.0, "students": ["0", "1", "4", "5"]}}, {"model": "api.group", "pk": 3, "fields": {"project": 1, "score": 7.0, "students": ["2", "3", "6", "7"]}}, {"model": "api.group", "pk": 4, "fields": {"project": 2, "score": 5.0, "students": []}}, {"model": "api.group", "pk": 5, "fields": {"project": 3, "score": 18.0, "students": []}}, {"model": "api.group", "pk": 6, "fields": {"project": 1, "score": 66.0, "students": []}}, {"model": "api.group", "pk": 7, "fields": {"project": 1, "score": 34.0, "students": ["8", "9"]}}, {"model": "api.submission", "pk": 1, "fields": {"group": 1, "submission_number": null, "submission_time": "2024-04-03T00:00:00Z", "is_valid": true}}, {"model": "api.submission", "pk": 2, "fields": {"group": 5, "submission_number": null, "submission_time": "2024-04-06T00:00:00Z", "is_valid": true}}, {"model": "api.submission", "pk": 3, "fields": {"group": 6, "submission_number": null, "submission_time": "2024-04-15T00:00:00Z", "is_valid": true}}, {"model": "api.submission", "pk": 4, "fields": {"group": 1, "submission_number": null, "submission_time": "2024-04-11T00:00:00Z", "is_valid": true}}, {"model": "api.submission", "pk": 5, "fields": {"group": 7, "submission_number": null, "submission_time": "2024-04-09T00:00:00Z", "is_valid": true}}, {"model": "api.submission", "pk": 6, "fields": {"group": 6, "submission_number": null, "submission_time": "2024-04-07T00:00:00Z", "is_valid": true}}, {"model": "api.submission", "pk": 7, "fields": {"group": 3, "submission_number": null, "submission_time": "2024-04-12T00:00:00Z", "is_valid": true}}, {"model": "api.submission", "pk": 8, "fields": {"group": 4, "submission_number": null, "submission_time": "2024-04-05T00:00:00Z", "is_valid": true}}, {"model": "api.submission", "pk": 9, "fields": {"group": 5, "submission_number": null, "submission_time": "2024-04-09T00:00:00Z", "is_valid": true}}, {"model": "api.submission", "pk": 10, "fields": {"group": 6, "submission_number": null, "submission_time": "2024-04-04T00:00:00Z", "is_valid": true}}, {"model": "api.submissionfile", "pk": 1, "fields": {"submission": 10, "file": "/unit/political/training/control.jpg"}}, {"model": "api.checkresult", "pk": 289528, "fields": {"polymorphic_ctype": null, "submission": 9, "result": "FAILED", "error_message": "OBLIGATED_EXTENSION_NOT_FOUND"}}, {"model": "api.checkresult", "pk": 331891, "fields": {"polymorphic_ctype": null, "submission": 4, "result": "QUEUED", "error_message": null}}, {"model": "api.checkresult", "pk": 482730, "fields": {"polymorphic_ctype": null, "submission": 2, "result": "RUNNING", "error_message": null}}, {"model": "api.checkresult", "pk": 753267, "fields": {"polymorphic_ctype": null, "submission": 1, "result": "SUCCESS", "error_message": null}}, {"model": "api.checkresult", "pk": 762341, "fields": {"polymorphic_ctype": null, "submission": 2, "result": "FAILED", "error_message": "BLOCKED_EXTENSION"}}, {"model": "api.checkresult", "pk": 879866, "fields": {"polymorphic_ctype": null, "submission": 4, "result": "RUNNING", "error_message": null}}, {"model": "api.checkresult", "pk": 899073, "fields": {"polymorphic_ctype": null, "submission": 9, "result": "SUCCESS", "error_message": null}}, {"model": "api.checkresult", "pk": 906214, "fields": {"polymorphic_ctype": null, "submission": 1, "result": "QUEUED", "error_message": null}}, {"model": "api.structurecheckresult", "pk": 289528, "fields": {"structure_check": 1}}, {"model": "api.structurecheckresult", "pk": 331891, "fields": {"structure_check": 0}}, {"model": "api.structurecheckresult", "pk": 482730, "fields": {"structure_check": 0}}, {"model": "api.structurecheckresult", "pk": 753267, "fields": {"structure_check": 0}}, {"model": "api.structurecheckresult", "pk": 762341, "fields": {"structure_check": 1}}, {"model": "api.structurecheckresult", "pk": 879866, "fields": {"structure_check": 1}}, {"model": "api.structurecheckresult", "pk": 899073, "fields": {"structure_check": 0}}, {"model": "api.structurecheckresult", "pk": 906214, "fields": {"structure_check": 1}}, {"model": "api.assistant", "pk": "10", "fields": {"is_active": true, "courses": [2]}}, {"model": "api.assistant", "pk": "11", "fields": {"is_active": true, "courses": [2]}}, {"model": "api.assistant", "pk": "12", "fields": {"is_active": true, "courses": [1]}}, {"model": "api.assistant", "pk": "13", "fields": {"is_active": true, "courses": [1]}}, {"model": "api.assistant", "pk": "14", "fields": {"is_active": true, "courses": [1]}}, {"model": "api.teacher", "pk": "15", "fields": {"is_active": true, "courses": [1]}}, {"model": "api.teacher", "pk": "16", "fields": {"is_active": true, "courses": [1]}}, {"model": "api.teacher", "pk": "17", "fields": {"is_active": true, "courses": [2]}}]