[{"model": "api.dockerimage", "pk": 1, "fields": {"name": "raise.bmp", "file": "/sea/according/art", "owner": "1", "public": true, "state": "S"}}, {"model": "api.dockerimage", "pk": 2, "fields": {"name": "hit.jpeg", "file": "/space/onto/church/can/door", "owner": "10", "public": true, "state": "B"}}, {"model": "api.dockerimage", "pk": 3, "fields": {"name": "all.tiff", "file": "/camera/happy/series/between/adult/I", "owner": "11", "public": true, "state": "F"}}, {"model": "api.dockerimage", "pk": 4, "fields": {"name": "challenge.bmp", "file": "/catch/must/mission/at/huge/party", "owner": "1", "public": true, "state": "B"}}, {"model": "api.dockerimage", "pk": 5, "fields": {"name": "until.gif", "file": "/father/country/move/affect", "owner": "17", "public": true, "state": "F"}}, {"model": "api.course", "pk": 1, "fields": {"name": "Up-sized multimedia conglomeration", "academic_startyear": 2024, "excerpt": "Professional wind number role.", "description": "Different remain collection article instead seem. Build base ahead trip. Produce reduce range new every trade individual city.", "faculty": "Economie_Bedrijfskunde", "parent_course": null, "private_course": false, "invitation_link": null, "invitation_link_expires": null}}, {"model": "api.course", "pk": 2, "fields": {"name": "Distributed coherent info-mediaries", "academic_startyear": 2023, "excerpt": "Cell vote same spend few attack.", "description": "Moment left do forget watch girl sure last. Machine fly process main set today.", "faculty": "Bio-ingenieurswetenschappen", "parent_course": null, "private_course": true, "invitation_link": null, "invitation_link_expires": null}}, {"model": "api.course", "pk": 3, "fields": {"name": "Multi-lateral encompassing access", "academic_startyear": 2023, "excerpt": "Customer box short social.", "description": "American seat senior.", "faculty": "Politieke_Sociale_Wetenschappen", "parent_course": null, "private_course": true, "invitation_link": null, "invitation_link_expires": null}}, {"model": "api.project", "pk": 1, "fields": {"name": "Stand-alone composite Graphic Interface", "description": "Church window hit eye. Indeed science son else away degree military.", "visible": true, "archived": false, "locked_groups": false, "start_date": "2024-04-16T17:14:56.546Z", "deadline": "2024-05-02T17:14:56.546Z", "max_score": 46, "score_visible": true, "group_size": 5, "course": 1}}, {"model": "api.project", "pk": 2, "fields": {"name": "Streamlined neutral analyzer", "description": "Many ask computer director bring. Part contain student hold notice.", "visible": true, "archived": false, "locked_groups": false, "start_date": "2024-06-07T17:14:56.546Z", "deadline": "2024-07-30T17:14:56.546Z", "max_score": 73, "score_visible": false, "group_size": 14, "course": 3}}, {"model": "api.project", "pk": 3, "fields": {"name": "Extended bi-directional time-frame", "description": "Painting individual where together audience marriage argue. Fast stock drop modern customer television cultural. Lot forget here lawyer kitchen south top.", "visible": true, "archived": false, "locked_groups": false, "start_date": "2024-05-15T17:14:56.546Z", "deadline": "2024-06-28T17:14:56.546Z", "max_score": 90, "score_visible": true, "group_size": 13, "course": 3}}, {"model": "api.project", "pk": 4, "fields": {"name": "De-engineered attitude-oriented intranet", "description": "Not local agreement size even strong may. His pattern sound note place interview there. Star name those while point. Education between soldier wrong worker real.", "visible": true, "archived": false, "locked_groups": false, "start_date": "2024-02-23T17:14:56.546Z", "deadline": "2024-05-19T17:14:56.546Z", "max_score": 50, "score_visible": false, "group_size": 4, "course": 1}}, {"model": "api.fileextension", "pk": 1, "fields": {"extension": "jpeg"}}, {"model": "api.fileextension", "pk": 2, "fields": {"extension": "html"}}, {"model": "api.fileextension", "pk": 3, "fields": {"extension": "mp3"}}, {"model": "api.fileextension", "pk": 4, "fields": {"extension": "png"}}, {"model": "api.fileextension", "pk": 5, "fields": {"extension": "docx"}}, {"model": "api.structurecheck", "pk": 0, "fields": {"path": "/while/room/eye/bring/color/break", "project": 3, "obligated_extensions": [1, 5], "blocked_extensions": [2, 3]}}, {"model": "api.structurecheck", "pk": 1, "fields": {"path": "/career", "project": 4, "obligated_extensions": [1, 3], "blocked_extensions": [1, 2]}}, {"model": "api.extracheck", "pk": 1, "fields": {"name": "near", "project": 1, "docker_image": 2, "file": "/maybe/example/peace/wife/in", "time_limit": 885, "memory_limit": 678, "show_log": false}}, {"model": "api.student", "pk": "0", "fields": {"is_active": true, "student_id": "0", "courses": [1]}}, {"model": "api.student", "pk": "1", "fields": {"is_active": true, "student_id": "1", "courses": [1]}}, {"model": "api.student", "pk": "2", "fields": {"is_active": true, "student_id": "2", "courses": [1]}}, {"model": "api.student", "pk": "3", "fields": {"is_active": true, "student_id": "3", "courses": [1]}}, {"model": "api.student", "pk": "4", "fields": {"is_active": true, "student_id": "4", "courses": [1]}}, {"model": "api.student", "pk": "5", "fields": {"is_active": true, "student_id": "5", "courses": [1]}}, {"model": "api.student", "pk": "6", "fields": {"is_active": true, "student_id": "6", "courses": [1]}}, {"model": "api.student", "pk": "7", "fields": {"is_active": true, "student_id": "7", "courses": [1]}}, {"model": "api.student", "pk": "8", "fields": {"is_active": true, "student_id": "8", "courses": [1]}}, {"model": "api.student", "pk": "9", "fields": {"is_active": true, "student_id": "9", "courses": [1]}}, {"model": "api.group", "pk": 1, "fields": {"project": 3, "score": 35.0, "students": ["1", "3", "4", "8", "9"]}}, {"model": "api.group", "pk": 2, "fields": {"project": 1, "score": 13.0, "students": ["0", "5", "6"]}}, {"model": "api.group", "pk": 3, "fields": {"project": 2, "score": 43.0, "students": ["2", "7"]}}, {"model": "api.group", "pk": 4, "fields": {"project": 1, "score": 11.0, "students": []}}, {"model": "api.group", "pk": 5, "fields": {"project": 4, "score": 32.0, "students": []}}, {"model": "api.group", "pk": 6, "fields": {"project": 3, "score": 49.0, "students": []}}, {"model": "api.group", "pk": 7, "fields": {"project": 4, "score": 9.0, "students": []}}, {"model": "api.submission", "pk": 1, "fields": {"group": 5, "submission_number": null, "submission_time": "2024-05-02T00:00:00Z", "is_valid": false, "zip": "/research/will/very/weight/box.numbers"}}, {"model": "api.submission", "pk": 2, "fields": {"group": 4, "submission_number": null, "submission_time": "2024-05-03T00:00:00Z", "is_valid": false, "zip": "/know/forget/experience/nation.flac"}}, {"model": "api.submission", "pk": 3, "fields": {"group": 3, "submission_number": null, "submission_time": "2024-05-01T00:00:00Z", "is_valid": true, "zip": "/strong/away/recognize/report/experience.jpeg"}}, {"model": "api.submission", "pk": 4, "fields": {"group": 7, "submission_number": null, "submission_time": "2024-05-01T00:00:00Z", "is_valid": true, "zip": "/TV/pretty/either.wav"}}, {"model": "api.submission", "pk": 5, "fields": {"group": 2, "submission_number": null, "submission_time": "2024-05-04T00:00:00Z", "is_valid": true, "zip": "/theory/although/by/probably/big/into.gif"}}, {"model": "api.submission", "pk": 6, "fields": {"group": 6, "submission_number": null, "submission_time": "2024-05-04T00:00:00Z", "is_valid": false, "zip": "/city.jpg"}}, {"model": "api.submission", "pk": 7, "fields": {"group": 7, "submission_number": null, "submission_time": "2024-05-02T00:00:00Z", "is_valid": false, "zip": "/occur/body.txt"}}, {"model": "api.submission", "pk": 8, "fields": {"group": 2, "submission_number": null, "submission_time": "2024-05-04T00:00:00Z", "is_valid": true, "zip": "/learn/important/common/decision/admit.csv"}}, {"model": "api.submission", "pk": 9, "fields": {"group": 5, "submission_number": null, "submission_time": "2024-05-04T00:00:00Z", "is_valid": true, "zip": "/and/stay/laugh/try/color/also.bmp"}}, {"model": "api.submission", "pk": 10, "fields": {"group": 5, "submission_number": null, "submission_time": "2024-05-01T00:00:00Z", "is_valid": false, "zip": "/fight/as/officer/food/miss/long.wav"}}, {"model": "api.checkresult", "pk": 144016, "fields": {"polymorphic_ctype": null, "submission": 9, "result": "RUNNING", "error_message": null}}, {"model": "api.checkresult", "pk": 295695, "fields": {"polymorphic_ctype": null, "submission": 4, "result": "FAILED", "error_message": "FILE_DIR_NOT_FOUND"}}, {"model": "api.checkresult", "pk": 510587, "fields": {"polymorphic_ctype": null, "submission": 1, "result": "QUEUED", "error_message": null}}, {"model": "api.checkresult", "pk": 518352, "fields": {"polymorphic_ctype": null, "submission": 10, "result": "RUNNING", "error_message": null}}, {"model": "api.checkresult", "pk": 605364, "fields": {"polymorphic_ctype": null, "submission": 6, "result": "FAILED", "error_message": "OBLIGATED_EXTENSION_NOT_FOUND"}}, {"model": "api.checkresult", "pk": 653330, "fields": {"polymorphic_ctype": null, "submission": 7, "result": "RUNNING", "error_message": null}}, {"model": "api.checkresult", "pk": 709686, "fields": {"polymorphic_ctype": null, "submission": 2, "result": "RUNNING", "error_message": null}}, {"model": "api.checkresult", "pk": 838212, "fields": {"polymorphic_ctype": null, "submission": 5, "result": "QUEUED", "error_message": null}}, {"model": "api.checkresult", "pk": 840364, "fields": {"polymorphic_ctype": null, "submission": 8, "result": "FAILED", "error_message": "TIME_LIMIT"}}, {"model": "api.structurecheckresult", "pk": 144016, "fields": {"structure_check": 1}}, {"model": "api.structurecheckresult", "pk": 295695, "fields": {"structure_check": 1}}, {"model": "api.structurecheckresult", "pk": 510587, "fields": {"structure_check": 1}}, {"model": "api.structurecheckresult", "pk": 518352, "fields": {"structure_check": 1}}, {"model": "api.structurecheckresult", "pk": 605364, "fields": {"structure_check": 0}}, {"model": "api.structurecheckresult", "pk": 653330, "fields": {"structure_check": 1}}, {"model": "api.extracheckresult", "pk": 709686, "fields": {"extra_check": 1, "log_file": "/source/thousand/no.html"}}, {"model": "api.extracheckresult", "pk": 838212, "fields": {"extra_check": 1, "log_file": "/tend/create/care/country.js"}}, {"model": "api.extracheckresult", "pk": 840364, "fields": {"extra_check": 1, "log_file": "/consider/quite/say/win/build/mind.css"}}, {"model": "api.assistant", "pk": "10", "fields": {"is_active": true, "courses": [2]}}, {"model": "api.assistant", "pk": "11", "fields": {"is_active": true, "courses": [1]}}, {"model": "api.assistant", "pk": "12", "fields": {"is_active": true, "courses": [1]}}, {"model": "api.assistant", "pk": "13", "fields": {"is_active": true, "courses": [1]}}, {"model": "api.assistant", "pk": "14", "fields": {"is_active": true, "courses": [1]}}, {"model": "api.teacher", "pk": "15", "fields": {"is_active": true, "courses": [1]}}, {"model": "api.teacher", "pk": "16", "fields": {"is_active": true, "courses": [2]}}, {"model": "api.teacher", "pk": "17", "fields": {"is_active": true, "courses": [1]}}]