[{"model": "api.dockerimage", "pk": 1, "fields": {"name": "pattern.bmp", "file": "/star", "owner": "10", "public": true}}, {"model": "api.dockerimage", "pk": 2, "fields": {"name": "according.bmp", "file": "/idea/attack/box/you/their", "owner": "13", "public": true}}, {"model": "api.dockerimage", "pk": 3, "fields": {"name": "floor.gif", "file": "/serious/page", "owner": "17", "public": true}}, {"model": "api.dockerimage", "pk": 4, "fields": {"name": "time.jpeg", "file": "/likely", "owner": "14", "public": true}}, {"model": "api.dockerimage", "pk": 5, "fields": {"name": "edge.jpg", "file": "/fast/note/ever/road", "owner": "3", "public": true}}, {"model": "api.fileextension", "pk": 1, "fields": {"extension": "js"}}, {"model": "api.fileextension", "pk": 2, "fields": {"extension": "tiff"}}, {"model": "api.fileextension", "pk": 3, "fields": {"extension": "txt"}}, {"model": "api.fileextension", "pk": 4, "fields": {"extension": "csv"}}, {"model": "api.fileextension", "pk": 5, "fields": {"extension": "gif"}}, {"model": "api.course", "pk": 1, "fields": {"name": "Front-line discrete framework", "academic_startyear": 2023, "description": "Here market alone manage thousand great least. None tax nation evidence food would.", "faculty": "Recht_Criminologie", "parent_course": null}}, {"model": "api.course", "pk": 2, "fields": {"name": "Multi-channeled next generation open system", "academic_startyear": 2024, "description": "Series few large. Provide vote evening medical affect. Mention accept prepare can stand again.", "faculty": "Letteren_Wijsbegeerte", "parent_course": null}}, {"model": "api.course", "pk": 3, "fields": {"name": "User-friendly composite conglomeration", "academic_startyear": 2025, "description": "Bit friend available better. Picture animal across money often. Degree score full prepare he music campaign.", "faculty": "Bio-ingenieurswetenschappen", "parent_course": null}}, {"model": "api.project", "pk": 1, "fields": {"name": "Persevering bifurcated methodology", "description": "Start since possible card pretty ask. Manage ahead yeah grow hold north sing. Trade approach include election though.", "visible": true, "archived": false, "locked_groups": false, "start_date": "2024-01-31T07:59:03.549Z", "deadline": "2024-05-11T07:59:03.549Z", "max_score": 79, "score_visible": false, "group_size": 12, "course": 1}}, {"model": "api.project", "pk": 2, "fields": {"name": "Horizontal client-driven open architecture", "description": "Black travel account him. Size pay evening despite maintain. Next sort nothing service thought nice. Raise commercial forward dinner form sort important bad.", "visible": true, "archived": false, "locked_groups": false, "start_date": "2024-04-23T07:59:03.549Z", "deadline": "2024-07-08T07:59:03.549Z", "max_score": 74, "score_visible": true, "group_size": 14, "course": 3}}, {"model": "api.project", "pk": 3, "fields": {"name": "Centralized system-worthy system engine", "description": "Throw national most level wall check happen sit. Door partner entire central toward forget. Society factor study.", "visible": false, "archived": false, "locked_groups": true, "start_date": "2024-01-20T07:59:03.549Z", "deadline": "2024-06-12T07:59:03.549Z", "max_score": 85, "score_visible": true, "group_size": 14, "course": 3}}, {"model": "api.project", "pk": 4, "fields": {"name": "Customizable dynamic process improvement", "description": "Wait carry half far. Fine wind cut structure see specific figure. Leader Mr defense thus serve into own politics.", "visible": true, "archived": false, "locked_groups": false, "start_date": "2024-02-17T07:59:03.550Z", "deadline": "2024-06-27T07:59:03.550Z", "max_score": 18, "score_visible": false, "group_size": 7, "course": 1}}, {"model": "api.structurecheck", "pk": 0, "fields": {"name": "/price", "project": 4, "obligated_extensions": [1, 2, 5], "blocked_extensions": [1, 4, 5]}}, {"model": "api.structurecheck", "pk": 1, "fields": {"name": "/white/outside/east/little/offer/because", "project": 4, "obligated_extensions": [5], "blocked_extensions": [5]}}, {"model": "api.extracheck", "pk": 1, "fields": {"project": 1, "docker_image": 2, "file": "/market", "timeout": 465, "show_log": true}}, {"model": "api.student", "pk": "0", "fields": {"is_active": true, "student_id": "0", "courses": [1]}}, {"model": "api.student", "pk": "1", "fields": {"is_active": true, "student_id": "1", "courses": [2]}}, {"model": "api.student", "pk": "2", "fields": {"is_active": true, "student_id": "2", "courses": [2]}}, {"model": "api.student", "pk": "3", "fields": {"is_active": true, "student_id": "3", "courses": [1]}}, {"model": "api.student", "pk": "4", "fields": {"is_active": true, "student_id": "4", "courses": [2]}}, {"model": "api.student", "pk": "5", "fields": {"is_active": true, "student_id": "5", "courses": [1]}}, {"model": "api.student", "pk": "6", "fields": {"is_active": true, "student_id": "6", "courses": [1]}}, {"model": "api.student", "pk": "7", "fields": {"is_active": true, "student_id": "7", "courses": [2]}}, {"model": "api.student", "pk": "8", "fields": {"is_active": true, "student_id": "8", "courses": [1]}}, {"model": "api.student", "pk": "9", "fields": {"is_active": true, "student_id": "9", "courses": [2]}}, {"model": "api.group", "pk": 1, "fields": {"project": 4, "score": 3.0, "students": []}}, {"model": "api.group", "pk": 2, "fields": {"project": 2, "score": 15.0, "students": []}}, {"model": "api.group", "pk": 3, "fields": {"project": 3, "score": 46.0, "students": []}}, {"model": "api.group", "pk": 4, "fields": {"project": 2, "score": 70.0, "students": ["1", "4", "5", "6", "9"]}}, {"model": "api.group", "pk": 5, "fields": {"project": 2, "score": 58.0, "students": ["0", "2", "3", "7", "8"]}}, {"model": "api.group", "pk": 6, "fields": {"project": 4, "score": 3.0, "students": []}}, {"model": "api.group", "pk": 7, "fields": {"project": 3, "score": 31.0, "students": []}}, {"model": "api.submission", "pk": 1, "fields": {"group": 4, "submission_number": null, "submission_time": "2024-04-01T00:00:00Z", "is_valid": true}}, {"model": "api.submission", "pk": 2, "fields": {"group": 7, "submission_number": null, "submission_time": "2024-04-08T00:00:00Z", "is_valid": true}}, {"model": "api.submission", "pk": 3, "fields": {"group": 1, "submission_number": null, "submission_time": "2024-04-13T00:00:00Z", "is_valid": true}}, {"model": "api.submission", "pk": 4, "fields": {"group": 2, "submission_number": null, "submission_time": "2024-04-01T00:00:00Z", "is_valid": false}}, {"model": "api.submission", "pk": 5, "fields": {"group": 2, "submission_number": null, "submission_time": "2024-04-15T00:00:00Z", "is_valid": true}}, {"model": "api.submission", "pk": 6, "fields": {"group": 3, "submission_number": null, "submission_time": "2024-04-04T00:00:00Z", "is_valid": true}}, {"model": "api.submission", "pk": 7, "fields": {"group": 6, "submission_number": null, "submission_time": "2024-04-10T00:00:00Z", "is_valid": false}}, {"model": "api.submission", "pk": 8, "fields": {"group": 3, "submission_number": null, "submission_time": "2024-04-10T00:00:00Z", "is_valid": true}}, {"model": "api.submission", "pk": 9, "fields": {"group": 7, "submission_number": null, "submission_time": "2024-04-10T00:00:00Z", "is_valid": false}}, {"model": "api.submission", "pk": 10, "fields": {"group": 1, "submission_number": null, "submission_time": "2024-04-11T00:00:00Z", "is_valid": false}}, {"model": "api.submissionfile", "pk": 1, "fields": {"submission": 5, "file": "/institution/cost/peace.html"}}, {"model": "api.checkresult", "pk": 251553, "fields": {"polymorphic_ctype": null, "submission": 7, "result": "RUNNING", "error_message": null}}, {"model": "api.checkresult", "pk": 261773, "fields": {"polymorphic_ctype": null, "submission": 10, "result": "QUEUED", "error_message": null}}, {"model": "api.checkresult", "pk": 301477, "fields": {"polymorphic_ctype": null, "submission": 7, "result": "RUNNING", "error_message": null}}, {"model": "api.checkresult", "pk": 382727, "fields": {"polymorphic_ctype": null, "submission": 3, "result": "FAILED", "error_message": "UNASKED_DIRECTORY"}}, {"model": "api.checkresult", "pk": 607281, "fields": {"polymorphic_ctype": null, "submission": 3, "result": "FAILED", "error_message": "OBLIGATED_DIRECTORY_NOT_FOUND"}}, {"model": "api.checkresult", "pk": 946099, "fields": {"polymorphic_ctype": null, "submission": 10, "result": "FAILED", "error_message": "OBLIGATED_DIRECTORY_NOT_FOUND"}}, {"model": "api.structurecheckresult", "pk": 251553, "fields": {"structure_check": 0}}, {"model": "api.structurecheckresult", "pk": 261773, "fields": {"structure_check": 0}}, {"model": "api.structurecheckresult", "pk": 301477, "fields": {"structure_check": 1}}, {"model": "api.structurecheckresult", "pk": 382727, "fields": {"structure_check": 0}}, {"model": "api.structurecheckresult", "pk": 607281, "fields": {"structure_check": 1}}, {"model": "api.structurecheckresult", "pk": 946099, "fields": {"structure_check": 1}}, {"model": "api.assistant", "pk": "10", "fields": {"is_active": true, "courses": [1]}}, {"model": "api.assistant", "pk": "11", "fields": {"is_active": true, "courses": [1]}}, {"model": "api.assistant", "pk": "12", "fields": {"is_active": true, "courses": [1]}}, {"model": "api.assistant", "pk": "13", "fields": {"is_active": true, "courses": [1]}}, {"model": "api.assistant", "pk": "14", "fields": {"is_active": true, "courses": [1]}}, {"model": "api.teacher", "pk": "15", "fields": {"is_active": true, "courses": [2]}}, {"model": "api.teacher", "pk": "16", "fields": {"is_active": true, "courses": [1]}}, {"model": "api.teacher", "pk": "17", "fields": {"is_active": true, "courses": [1]}}]