[{"model": "api.dockerimage", "pk": 1, "fields": {"name": "edge.jpeg", "file": "/without/dinner/learn/eight/show/sure", "owner": "12", "public": true}}, {"model": "api.dockerimage", "pk": 2, "fields": {"name": "perhaps.jpg", "file": "/heart", "owner": "13", "public": true}}, {"model": "api.dockerimage", "pk": 3, "fields": {"name": "beat.gif", "file": "/American/order", "owner": "3", "public": true}}, {"model": "api.dockerimage", "pk": 4, "fields": {"name": "score.png", "file": "/same", "owner": "1", "public": true}}, {"model": "api.dockerimage", "pk": 5, "fields": {"name": "measure.tiff", "file": "/decade/worry/southern/despite/visit", "owner": "13", "public": true}}, {"model": "api.fileextension", "pk": 1, "fields": {"extension": "odp"}}, {"model": "api.fileextension", "pk": 2, "fields": {"extension": "csv"}}, {"model": "api.fileextension", "pk": 3, "fields": {"extension": "key"}}, {"model": "api.fileextension", "pk": 4, "fields": {"extension": "avi"}}, {"model": "api.fileextension", "pk": 5, "fields": {"extension": "mp4"}}, {"model": "api.course", "pk": 1, "fields": {"name": "Advanced value-added knowledge user", "academic_startyear": 2023, "excerpt": "Trade simply senior money address drop.", "description": "Word tell authority recently Mrs experience. Alone write dog customer vote see most. Time girl idea through hundred.", "faculty": "Letteren_Wijsbegeerte", "parent_course": null}}, {"model": "api.course", "pk": 2, "fields": {"name": "Face-to-face secondary contingency", "academic_startyear": 2024, "excerpt": "Throughout home fight hot brother.", "description": "Might natural if star. Half a measure billion agree week. Computer difference less unit stage attorney themselves company.", "faculty": "Geneeskunde_Gezondheidswetenschappen", "parent_course": null}}, {"model": "api.course", "pk": 3, "fields": {"name": "Networked actuating Internet solution", "academic_startyear": 2022, "excerpt": "Party development respond.", "description": "Two black public gun would. Song structure light teach.", "faculty": "Bio-ingenieurswetenschappen", "parent_course": null}}, {"model": "api.project", "pk": 1, "fields": {"name": "Cloned national emulation", "description": "Night debate knowledge president. Activity represent sense including way already everyone.", "visible": false, "archived": false, "locked_groups": true, "start_date": "2024-03-18T10:14:42.820Z", "deadline": "2024-05-09T10:14:42.820Z", "max_score": 64, "score_visible": false, "group_size": 11, "course": 3}}, {"model": "api.project", "pk": 2, "fields": {"name": "Reduced reciprocal alliance", "description": "Age light nature table huge arm. Perhaps serve administration. Process somebody hand put late.", "visible": false, "archived": false, "locked_groups": false, "start_date": "2024-06-04T10:14:42.821Z", "deadline": "2024-09-09T10:14:42.821Z", "max_score": 6, "score_visible": false, "group_size": 9, "course": 1}}, {"model": "api.project", "pk": 3, "fields": {"name": "Universal real-time methodology", "description": "Evening relationship really ability upon one wind. Language glass fly significant executive result.", "visible": true, "archived": false, "locked_groups": false, "start_date": "2024-05-25T10:14:42.821Z", "deadline": "2024-05-31T10:14:42.821Z", "max_score": 88, "score_visible": true, "group_size": 2, "course": 1}}, {"model": "api.project", "pk": 4, "fields": {"name": "Cross-platform 3rdgeneration success", "description": "Capital whose store involve everyone move maybe. Particular author line movement wear large back. Media move analysis. Recent concern particular several.", "visible": true, "archived": false, "locked_groups": true, "start_date": "2024-02-25T10:14:42.821Z", "deadline": "2024-05-31T10:14:42.821Z", "max_score": 66, "score_visible": false, "group_size": 15, "course": 1}}, {"model": "api.structurecheck", "pk": 0, "fields": {"name": "/pass/management/apply", "project": 2, "obligated_extensions": [3, 5], "blocked_extensions": [2]}}, {"model": "api.structurecheck", "pk": 1, "fields": {"name": "/old/reduce/Republican/many/trial", "project": 1, "obligated_extensions": [3, 4], "blocked_extensions": [1, 2, 4]}}, {"model": "api.extracheck", "pk": 1, "fields": {"project": 2, "docker_image": 1, "file": "/type/subject/fine/more", "timeout": 104, "show_log": false}}, {"model": "api.student", "pk": "0", "fields": {"is_active": true, "student_id": "0", "courses": [1]}}, {"model": "api.student", "pk": "1", "fields": {"is_active": true, "student_id": "1", "courses": [1]}}, {"model": "api.student", "pk": "2", "fields": {"is_active": true, "student_id": "2", "courses": [1]}}, {"model": "api.student", "pk": "3", "fields": {"is_active": true, "student_id": "3", "courses": [1]}}, {"model": "api.student", "pk": "4", "fields": {"is_active": true, "student_id": "4", "courses": [1]}}, {"model": "api.student", "pk": "5", "fields": {"is_active": true, "student_id": "5", "courses": [1]}}, {"model": "api.student", "pk": "6", "fields": {"is_active": true, "student_id": "6", "courses": [1]}}, {"model": "api.student", "pk": "7", "fields": {"is_active": true, "student_id": "7", "courses": [1]}}, {"model": "api.student", "pk": "8", "fields": {"is_active": true, "student_id": "8", "courses": [1]}}, {"model": "api.student", "pk": "9", "fields": {"is_active": true, "student_id": "9", "courses": [1]}}, {"model": "api.group", "pk": 1, "fields": {"project": 1, "score": 46.0, "students": ["0", "1", "3", "4"]}}, {"model": "api.group", "pk": 2, "fields": {"project": 1, "score": 22.0, "students": ["2", "5", "6", "7", "8"]}}, {"model": "api.group", "pk": 3, "fields": {"project": 3, "score": 81.0, "students": []}}, {"model": "api.group", "pk": 4, "fields": {"project": 4, "score": 44.0, "students": []}}, {"model": "api.group", "pk": 5, "fields": {"project": 1, "score": 55.0, "students": ["9"]}}, {"model": "api.group", "pk": 6, "fields": {"project": 1, "score": 21.0, "students": []}}, {"model": "api.group", "pk": 7, "fields": {"project": 1, "score": 31.0, "students": []}}, {"model": "api.submission", "pk": 1, "fields": {"group": 7, "submission_number": null, "submission_time": "2024-04-13T00:00:00Z", "is_valid": true}}, {"model": "api.submission", "pk": 2, "fields": {"group": 4, "submission_number": null, "submission_time": "2024-04-18T00:00:00Z", "is_valid": false}}, {"model": "api.submission", "pk": 3, "fields": {"group": 4, "submission_number": null, "submission_time": "2024-04-09T00:00:00Z", "is_valid": true}}, {"model": "api.submission", "pk": 4, "fields": {"group": 4, "submission_number": null, "submission_time": "2024-04-06T00:00:00Z", "is_valid": true}}, {"model": "api.submission", "pk": 5, "fields": {"group": 7, "submission_number": null, "submission_time": "2024-04-01T00:00:00Z", "is_valid": false}}, {"model": "api.submission", "pk": 6, "fields": {"group": 5, "submission_number": null, "submission_time": "2024-04-02T00:00:00Z", "is_valid": true}}, {"model": "api.submission", "pk": 7, "fields": {"group": 6, "submission_number": null, "submission_time": "2024-04-14T00:00:00Z", "is_valid": false}}, {"model": "api.submission", "pk": 8, "fields": {"group": 4, "submission_number": null, "submission_time": "2024-04-10T00:00:00Z", "is_valid": false}}, {"model": "api.submission", "pk": 9, "fields": {"group": 4, "submission_number": null, "submission_time": "2024-04-03T00:00:00Z", "is_valid": true}}, {"model": "api.submission", "pk": 10, "fields": {"group": 7, "submission_number": null, "submission_time": "2024-04-04T00:00:00Z", "is_valid": true}}, {"model": "api.submissionfile", "pk": 1, "fields": {"submission": 6, "file": "/occur/scene/south.html"}}, {"model": "api.checkresult", "pk": 172395, "fields": {"polymorphic_ctype": null, "submission": 5, "result": "RUNNING", "error_message": null}}, {"model": "api.checkresult", "pk": 259011, "fields": {"polymorphic_ctype": null, "submission": 6, "result": "QUEUED", "error_message": null}}, {"model": "api.checkresult", "pk": 556015, "fields": {"polymorphic_ctype": null, "submission": 1, "result": "SUCCESS", "error_message": null}}, {"model": "api.checkresult", "pk": 736657, "fields": {"polymorphic_ctype": null, "submission": 10, "result": "FAILED", "error_message": "OBLIGATED_DIRECTORY_NOT_FOUND"}}, {"model": "api.checkresult", "pk": 979550, "fields": {"polymorphic_ctype": null, "submission": 7, "result": "RUNNING", "error_message": null}}, {"model": "api.structurecheckresult", "pk": 172395, "fields": {"structure_check": 1}}, {"model": "api.structurecheckresult", "pk": 259011, "fields": {"structure_check": 1}}, {"model": "api.structurecheckresult", "pk": 556015, "fields": {"structure_check": 1}}, {"model": "api.structurecheckresult", "pk": 736657, "fields": {"structure_check": 1}}, {"model": "api.structurecheckresult", "pk": 979550, "fields": {"structure_check": 1}}, {"model": "api.assistant", "pk": "10", "fields": {"is_active": true, "courses": []}}, {"model": "api.assistant", "pk": "11", "fields": {"is_active": true, "courses": [1]}}, {"model": "api.assistant", "pk": "12", "fields": {"is_active": true, "courses": [2]}}, {"model": "api.assistant", "pk": "13", "fields": {"is_active": true, "courses": [3]}}, {"model": "api.assistant", "pk": "14", "fields": {"is_active": true, "courses": [1]}}, {"model": "api.teacher", "pk": "15", "fields": {"is_active": true, "courses": [1]}}, {"model": "api.teacher", "pk": "16", "fields": {"is_active": true, "courses": [1]}}, {"model": "api.teacher", "pk": "17", "fields": {"is_active": true, "courses": [1]}}]