[{"model": "api.fileextension", "pk": 1, "fields": {"extension": "class"}}, {"model": "api.fileextension", "pk": 2, "fields": {"extension": "png"}}, {"model": "api.fileextension", "pk": 3, "fields": {"extension": "java"}}, {"model": "api.fileextension", "pk": 4, "fields": {"extension": "py"}}, {"model": "api.fileextension", "pk": 5, "fields": {"extension": "gif"}}, {"model": "api.fileextension", "pk": 6, "fields": {"extension": "xlsx"}}, {"model": "api.fileextension", "pk": 7, "fields": {"extension": "html"}}, {"model": "api.fileextension", "pk": 8, "fields": {"extension": "odp"}}, {"model": "api.fileextension", "pk": 9, "fields": {"extension": "txt"}}, {"model": "api.fileextension", "pk": 10, "fields": {"extension": "jpeg"}}, {"model": "api.fileextension", "pk": 11, "fields": {"extension": "bmp"}}, {"model": "api.fileextension", "pk": 12, "fields": {"extension": "css"}}, {"model": "api.fileextension", "pk": 13, "fields": {"extension": "wav"}}, {"model": "api.fileextension", "pk": 14, "fields": {"extension": "jpg"}}, {"model": "api.fileextension", "pk": 15, "fields": {"extension": "flac"}}, {"model": "api.fileextension", "pk": 16, "fields": {"extension": "numbers"}}, {"model": "api.fileextension", "pk": 17, "fields": {"extension": "csv"}}, {"model": "api.fileextension", "pk": 18, "fields": {"extension": "mp3"}}, {"model": "api.fileextension", "pk": 19, "fields": {"extension": "odt"}}, {"model": "api.fileextension", "pk": 20, "fields": {"extension": "mp4"}}, {"model": "api.fileextension", "pk": 21, "fields": {"extension": "pdf"}}, {"model": "api.fileextension", "pk": 22, "fields": {"extension": "mov"}}, {"model": "api.fileextension", "pk": 23, "fields": {"extension": "ods"}}, {"model": "api.fileextension", "pk": 24, "fields": {"extension": "pptx"}}, {"model": "api.fileextension", "pk": 25, "fields": {"extension": "avi"}}, {"model": "api.fileextension", "pk": 26, "fields": {"extension": "json"}}, {"model": "api.fileextension", "pk": 27, "fields": {"extension": "tiff"}}, {"model": "api.fileextension", "pk": 28, "fields": {"extension": "webm"}}, {"model": "api.fileextension", "pk": 29, "fields": {"extension": "ppt"}}, {"model": "api.fileextension", "pk": 30, "fields": {"extension": "pages"}}, {"model": "api.fileextension", "pk": 31, "fields": {"extension": "key"}}, {"model": "api.fileextension", "pk": 32, "fields": {"extension": "js"}}, {"model": "api.fileextension", "pk": 33, "fields": {"extension": "xls"}}, {"model": "api.fileextension", "pk": 34, "fields": {"extension": "docx"}}, {"model": "api.fileextension", "pk": 35, "fields": {"extension": "doc"}}, {"model": "api.course", "pk": 2012, "fields": {"name": "Reactive methodical solution", "academic_startyear": 2023, "description": "After pretty medical buy attorney. Soldier sign green seat receive do car. Then always style water raise wind.", "faculty": "Psychologie_PedagogischeWetenschappen", "parent_course": null}}, {"model": "api.course", "pk": 2013, "fields": {"name": "Organized multimedia protocol", "academic_startyear": 2025, "description": "Common production democratic six police. Why theory occur political price church war computer.", "faculty": "Psychologie_PedagogischeWetenschappen", "parent_course": null}}, {"model": "api.course", "pk": 2014, "fields": {"name": "Compatible impactful neural-net", "academic_startyear": 2023, "description": "Camera fear seek. Agree street weight common agency nothing. Image star white attention western represent.", "faculty": "Bio-ingenieurswetenschappen", "parent_course": null}}, {"model": "api.project", "pk": 127461, "fields": {"name": "Robust full-range task-force", "description": "Grow establish address. Operation happen bring. Upon painting section audience.", "visible": false, "archived": false, "locked_groups": false, "start_date": "2024-07-09T20:48:15.817Z", "deadline": "2024-06-21T20:48:15.817Z", "max_score": 40, "score_visible": true, "group_size": 11, "course": 2014}}, {"model": "api.project", "pk": 127462, "fields": {"name": "Enhanced context-sensitive algorithm", "description": "Level quality draw policy. Admit sit citizen protect.", "visible": true, "archived": false, "locked_groups": true, "start_date": "2024-01-18T20:48:15.817Z", "deadline": "2024-05-06T20:48:15.817Z", "max_score": 64, "score_visible": true, "group_size": 9, "course": 2014}}, {"model": "api.project", "pk": 127463, "fields": {"name": "Proactive mobile frame", "description": "Sign quickly fall ready. Although we we authority forget most.", "visible": false, "archived": false, "locked_groups": false, "start_date": "2024-06-22T20:48:15.817Z", "deadline": "2024-07-01T20:48:15.817Z", "max_score": 55, "score_visible": true, "group_size": 1, "course": 2014}}, {"model": "api.project", "pk": 127464, "fields": {"name": "Assimilated directional data-warehouse", "description": "Building realize audience issue. Right this we discussion likely ground capital.", "visible": true, "archived": false, "locked_groups": false, "start_date": "2024-06-29T20:48:15.817Z", "deadline": "2024-04-24T20:48:15.817Z", "max_score": 100, "score_visible": false, "group_size": 13, "course": 2014}}, {"model": "api.structurecheck", "pk": 8009, "fields": {"name": "/state/position/her/anyone", "project": 127461, "obligated_extensions": [14], "blocked_extensions": [12, 35]}}, {"model": "api.structurecheck", "pk": 8010, "fields": {"name": "/at/school/identify/receive/fast", "project": 127463, "obligated_extensions": [25], "blocked_extensions": [24, 33]}}, {"model": "api.structurecheck", "pk": 8011, "fields": {"name": "/much/different/line/radio/six/quickly/sense/race/matter", "project": 127464, "obligated_extensions": [18, 23], "blocked_extensions": [9, 21, 22]}}, {"model": "api.structurecheck", "pk": 8012, "fields": {"name": "/team/writer/need/worry/skin/bed/yet/affect/policy", "project": 127464, "obligated_extensions": [2, 10, 17], "blocked_extensions": [4, 12, 30, 32]}}, {"model": "api.structurecheck", "pk": 8013, "fields": {"name": "/government/quite", "project": 127462, "obligated_extensions": [17, 23, 32], "blocked_extensions": [8, 11, 15, 22]}}, {"model": "api.structurecheck", "pk": 8014, "fields": {"name": "/ball/six", "project": 127463, "obligated_extensions": [21, 30, 34], "blocked_extensions": [12]}}, {"model": "api.structurecheck", "pk": 8015, "fields": {"name": "/class/reveal/body/any/less/really/current/candidate/usually/court", "project": 127464, "obligated_extensions": [25], "blocked_extensions": [2, 11, 17, 28, 31]}}, {"model": "api.structurecheck", "pk": 8016, "fields": {"name": "/development/happy/skin/side/our/sometimes", "project": 127462, "obligated_extensions": [2, 5, 24, 26, 27], "blocked_extensions": [18, 34]}}, {"model": "api.student", "pk": "0", "fields": {"is_active": true, "student_id": "0", "courses": [2012]}}, {"model": "api.student", "pk": "1", "fields": {"is_active": true, "student_id": "1", "courses": [2012]}}, {"model": "api.student", "pk": "2", "fields": {"is_active": true, "student_id": "2", "courses": [2012]}}, {"model": "api.student", "pk": "3", "fields": {"is_active": true, "student_id": "3", "courses": [2012]}}, {"model": "api.student", "pk": "4", "fields": {"is_active": true, "student_id": "4", "courses": [2012]}}, {"model": "api.student", "pk": "5", "fields": {"is_active": true, "student_id": "5", "courses": [2012]}}, {"model": "api.student", "pk": "6", "fields": {"is_active": true, "student_id": "6", "courses": [2012]}}, {"model": "api.student", "pk": "7", "fields": {"is_active": true, "student_id": "7", "courses": [2012]}}, {"model": "api.student", "pk": "8", "fields": {"is_active": true, "student_id": "8", "courses": [2012]}}, {"model": "api.student", "pk": "9", "fields": {"is_active": true, "student_id": "9", "courses": [2012]}}, {"model": "api.group", "pk": 4014, "fields": {"project": 127463, "score": 0.0, "students": []}}, {"model": "api.group", "pk": 4015, "fields": {"project": 127461, "score": 35.0, "students": ["1", "4", "7", "8", "9"]}}, {"model": "api.group", "pk": 4016, "fields": {"project": 127462, "score": 12.0, "students": ["5", "6"]}}, {"model": "api.group", "pk": 4017, "fields": {"project": 127461, "score": 4.0, "students": ["2", "3"]}}, {"model": "api.group", "pk": 4018, "fields": {"project": 127464, "score": 90.0, "students": []}}, {"model": "api.group", "pk": 4019, "fields": {"project": 127461, "score": 32.0, "students": ["0"]}}, {"model": "api.group", "pk": 4020, "fields": {"project": 127464, "score": 42.0, "students": []}}, {"model": "api.submission", "pk": 4015, "fields": {"group": 4015, "submission_number": null, "submission_time": "2024-04-03T00:00:00Z", "structure_checks_passed": true}}, {"model": "api.submission", "pk": 4016, "fields": {"group": 4019, "submission_number": null, "submission_time": "2024-04-07T00:00:00Z", "structure_checks_passed": true}}, {"model": "api.submission", "pk": 4017, "fields": {"group": 4016, "submission_number": null, "submission_time": "2024-04-04T00:00:00Z", "structure_checks_passed": false}}, {"model": "api.submission", "pk": 4018, "fields": {"group": 4019, "submission_number": null, "submission_time": "2024-04-08T00:00:00Z", "structure_checks_passed": false}}, {"model": "api.submission", "pk": 4019, "fields": {"group": 4020, "submission_number": null, "submission_time": "2024-04-09T00:00:00Z", "structure_checks_passed": false}}, {"model": "api.submission", "pk": 4020, "fields": {"group": 4014, "submission_number": null, "submission_time": "2024-04-02T00:00:00Z", "structure_checks_passed": true}}, {"model": "api.submission", "pk": 4021, "fields": {"group": 4020, "submission_number": null, "submission_time": "2024-04-02T00:00:00Z", "structure_checks_passed": true}}, {"model": "api.submission", "pk": 4022, "fields": {"group": 4020, "submission_number": null, "submission_time": "2024-04-08T00:00:00Z", "structure_checks_passed": false}}, {"model": "api.submission", "pk": 4023, "fields": {"group": 4018, "submission_number": null, "submission_time": "2024-04-08T00:00:00Z", "structure_checks_passed": true}}, {"model": "api.submission", "pk": 4024, "fields": {"group": 4016, "submission_number": null, "submission_time": "2024-04-04T00:00:00Z", "structure_checks_passed": true}}, {"model": "api.assistant", "pk": "10", "fields": {"is_active": true, "courses": [2013]}}, {"model": "api.assistant", "pk": "11", "fields": {"is_active": true, "courses": [2012]}}, {"model": "api.assistant", "pk": "12", "fields": {"is_active": true, "courses": [2014]}}, {"model": "api.assistant", "pk": "13", "fields": {"is_active": true, "courses": [2012]}}, {"model": "api.assistant", "pk": "14", "fields": {"is_active": true, "courses": [2014]}}, {"model": "api.teacher", "pk": "15", "fields": {"is_active": true, "courses": [2012]}}, {"model": "api.teacher", "pk": "16", "fields": {"is_active": true, "courses": [2012]}}, {"model": "api.teacher", "pk": "17", "fields": {"is_active": true, "courses": [2013]}}]