[{"model": "api.dockerimage", "pk": 1, "fields": {"name": "democratic.tiff", "file": "/experience/modern/oil/conference/certainly/enter", "owner": "3", "public": true}}, {"model": "api.dockerimage", "pk": 2, "fields": {"name": "relate.gif", "file": "/system/floor/leg/product/trip/sure", "owner": "12", "public": true}}, {"model": "api.dockerimage", "pk": 3, "fields": {"name": "quite.jpg", "file": "/late/second", "owner": "3", "public": true}}, {"model": "api.dockerimage", "pk": 4, "fields": {"name": "person.jpeg", "file": "/chance", "owner": "16", "public": true}}, {"model": "api.dockerimage", "pk": 5, "fields": {"name": "there.jpg", "file": "/what/statement/drug/us", "owner": "1", "public": true}}, {"model": "api.fileextension", "pk": 1, "fields": {"extension": "xlsx"}}, {"model": "api.fileextension", "pk": 2, "fields": {"extension": "tiff"}}, {"model": "api.fileextension", "pk": 3, "fields": {"extension": "mov"}}, {"model": "api.fileextension", "pk": 4, "fields": {"extension": "pptx"}}, {"model": "api.fileextension", "pk": 5, "fields": {"extension": "pages"}}, {"model": "api.course", "pk": 1, "fields": {"name": "Synchronized zero-defect core", "academic_startyear": 2025, "excerpt": "Lot manage career grow candidate form all various.", "description": "Whole growth machine buy material story. Issue important room toward consumer consumer. Change add hit cold yourself less development water. Wear tough add while.", "faculty": "Wetenschappen", "parent_course": null}}, {"model": "api.course", "pk": 2, "fields": {"name": "Fundamental fault-tolerant database", "academic_startyear": 2023, "excerpt": "Another place true step important college draw.", "description": "Cut with once and parent. Left in must bag rule speech game customer. Wall machine break movement when but middle allow.", "faculty": "Farmaceutische_Wetenschappen", "parent_course": null}}, {"model": "api.course", "pk": 3, "fields": {"name": "Monitored dedicated Internet solution", "academic_startyear": 2024, "excerpt": "Decide resource her similar east.", "description": "Huge result measure sister pattern in left. Specific cause process college. Consider night knowledge find want let art.", "faculty": "Bio-ingenieurswetenschappen", "parent_course": null}}, {"model": "api.project", "pk": 1, "fields": {"name": "Team-oriented multi-state parallelism", "description": "Exist same nothing music eye end detail. Series probably suddenly fish ability various. Imagine goal somebody among.", "visible": true, "archived": false, "locked_groups": false, "start_date": "2024-04-02T18:41:07.993Z", "deadline": "2024-07-02T18:41:07.993Z", "max_score": 66, "score_visible": false, "group_size": 14, "course": 2}}, {"model": "api.project", "pk": 2, "fields": {"name": "Pre-emptive needs-based hardware", "description": "Example pressure some soon individual political rise. North none success far probably real agree sing.", "visible": true, "archived": false, "locked_groups": false, "start_date": "2024-06-29T18:41:07.993Z", "deadline": "2024-05-07T18:41:07.993Z", "max_score": 16, "score_visible": true, "group_size": 5, "course": 1}}, {"model": "api.project", "pk": 3, "fields": {"name": "Upgradable zero administration flexibility", "description": "Region remain special line job me reach. Bag billion involve point government middle. Executive affect owner when camera democratic prevent.", "visible": true, "archived": false, "locked_groups": true, "start_date": "2024-04-13T18:41:07.993Z", "deadline": "2024-05-21T18:41:07.993Z", "max_score": 36, "score_visible": false, "group_size": 10, "course": 2}}, {"model": "api.project", "pk": 4, "fields": {"name": "Customer-focused transitional definition", "description": "Product often others section situation them. Travel kitchen response more. Fight my experience Democrat sell.", "visible": true, "archived": false, "locked_groups": false, "start_date": "2024-01-19T18:41:07.993Z", "deadline": "2024-06-11T18:41:07.993Z", "max_score": 73, "score_visible": false, "group_size": 4, "course": 2}}, {"model": "api.structurecheck", "pk": 0, "fields": {"name": "/per/production/but/pretty", "project": 2, "obligated_extensions": [1, 3, 5], "blocked_extensions": [1]}}, {"model": "api.structurecheck", "pk": 1, "fields": {"name": "/situation", "project": 3, "obligated_extensions": [3], "blocked_extensions": [1, 2, 3]}}, {"model": "api.extracheck", "pk": 1, "fields": {"project": 1, "docker_image": 1, "file": "/meet/speech/reason/project/question/half", "timeout": 488, "show_log": false}}, {"model": "api.student", "pk": "0", "fields": {"is_active": true, "student_id": "0", "courses": [1]}}, {"model": "api.student", "pk": "1", "fields": {"is_active": true, "student_id": "1", "courses": [1]}}, {"model": "api.student", "pk": "2", "fields": {"is_active": true, "student_id": "2", "courses": [1]}}, {"model": "api.student", "pk": "3", "fields": {"is_active": true, "student_id": "3", "courses": [1]}}, {"model": "api.student", "pk": "4", "fields": {"is_active": true, "student_id": "4", "courses": [1]}}, {"model": "api.student", "pk": "5", "fields": {"is_active": true, "student_id": "5", "courses": [1]}}, {"model": "api.student", "pk": "6", "fields": {"is_active": true, "student_id": "6", "courses": [1]}}, {"model": "api.student", "pk": "7", "fields": {"is_active": true, "student_id": "7", "courses": [1]}}, {"model": "api.student", "pk": "8", "fields": {"is_active": true, "student_id": "8", "courses": [1]}}, {"model": "api.student", "pk": "9", "fields": {"is_active": true, "student_id": "9", "courses": [1]}}, {"model": "api.group", "pk": 1, "fields": {"project": 4, "score": 61.0, "students": []}}, {"model": "api.group", "pk": 2, "fields": {"project": 3, "score": 24.0, "students": ["6"]}}, {"model": "api.group", "pk": 3, "fields": {"project": 3, "score": 11.0, "students": []}}, {"model": "api.group", "pk": 4, "fields": {"project": 3, "score": 0.0, "students": []}}, {"model": "api.group", "pk": 5, "fields": {"project": 1, "score": 36.0, "students": ["0", "1", "2", "4", "7", "8"]}}, {"model": "api.group", "pk": 6, "fields": {"project": 4, "score": 73.0, "students": []}}, {"model": "api.group", "pk": 7, "fields": {"project": 2, "score": 11.0, "students": ["3", "5", "9"]}}, {"model": "api.submission", "pk": 1, "fields": {"group": 7, "submission_number": null, "submission_time": "2024-04-13T00:00:00Z", "is_valid": true}}, {"model": "api.submission", "pk": 2, "fields": {"group": 4, "submission_number": null, "submission_time": "2024-04-06T00:00:00Z", "is_valid": true}}, {"model": "api.submission", "pk": 3, "fields": {"group": 1, "submission_number": null, "submission_time": "2024-04-08T00:00:00Z", "is_valid": true}}, {"model": "api.submission", "pk": 4, "fields": {"group": 7, "submission_number": null, "submission_time": "2024-04-09T00:00:00Z", "is_valid": false}}, {"model": "api.submission", "pk": 5, "fields": {"group": 6, "submission_number": null, "submission_time": "2024-04-13T00:00:00Z", "is_valid": true}}, {"model": "api.submission", "pk": 6, "fields": {"group": 5, "submission_number": null, "submission_time": "2024-04-13T00:00:00Z", "is_valid": true}}, {"model": "api.submission", "pk": 7, "fields": {"group": 7, "submission_number": null, "submission_time": "2024-04-12T00:00:00Z", "is_valid": true}}, {"model": "api.submission", "pk": 8, "fields": {"group": 5, "submission_number": null, "submission_time": "2024-04-10T00:00:00Z", "is_valid": true}}, {"model": "api.submission", "pk": 9, "fields": {"group": 6, "submission_number": null, "submission_time": "2024-04-09T00:00:00Z", "is_valid": true}}, {"model": "api.submission", "pk": 10, "fields": {"group": 2, "submission_number": null, "submission_time": "2024-04-13T00:00:00Z", "is_valid": true}}, {"model": "api.submissionfile", "pk": 1, "fields": {"submission": 2, "file": "/other/continue/expert/bank/fly/reach.mov"}}, {"model": "api.checkresult", "pk": 268635, "fields": {"polymorphic_ctype": null, "submission": 7, "result": "SUCCESS", "error_message": null}}, {"model": "api.checkresult", "pk": 515704, "fields": {"polymorphic_ctype": null, "submission": 4, "result": "SUCCESS", "error_message": null}}, {"model": "api.checkresult", "pk": 534804, "fields": {"polymorphic_ctype": null, "submission": 2, "result": "QUEUED", "error_message": null}}, {"model": "api.checkresult", "pk": 596410, "fields": {"polymorphic_ctype": null, "submission": 10, "result": "FAILED", "error_message": "UNASKED_DIRECTORY"}}, {"model": "api.checkresult", "pk": 612726, "fields": {"polymorphic_ctype": null, "submission": 8, "result": "FAILED", "error_message": "RUNTIMEERROR"}}, {"model": "api.checkresult", "pk": 756372, "fields": {"polymorphic_ctype": null, "submission": 1, "result": "RUNNING", "error_message": null}}, {"model": "api.checkresult", "pk": 846359, "fields": {"polymorphic_ctype": null, "submission": 6, "result": "FAILED", "error_message": "OUTPUTLIMIT"}}, {"model": "api.structurecheckresult", "pk": 268635, "fields": {"structure_check": 0}}, {"model": "api.structurecheckresult", "pk": 515704, "fields": {"structure_check": 0}}, {"model": "api.structurecheckresult", "pk": 534804, "fields": {"structure_check": 1}}, {"model": "api.structurecheckresult", "pk": 596410, "fields": {"structure_check": 1}}, {"model": "api.structurecheckresult", "pk": 756372, "fields": {"structure_check": 0}}, {"model": "api.extracheckresult", "pk": 612726, "fields": {"extra_check": 1, "log_file": "/down.html"}}, {"model": "api.extracheckresult", "pk": 846359, "fields": {"extra_check": 1, "log_file": "/heavy/debate.csv"}}, {"model": "api.assistant", "pk": "10", "fields": {"is_active": true, "courses": [1]}}, {"model": "api.assistant", "pk": "11", "fields": {"is_active": true, "courses": [1]}}, {"model": "api.assistant", "pk": "12", "fields": {"is_active": true, "courses": [1]}}, {"model": "api.assistant", "pk": "13", "fields": {"is_active": true, "courses": [2]}}, {"model": "api.assistant", "pk": "14", "fields": {"is_active": true, "courses": [1]}}, {"model": "api.teacher", "pk": "15", "fields": {"is_active": true, "courses": [1]}}, {"model": "api.teacher", "pk": "16", "fields": {"is_active": true, "courses": [2]}}, {"model": "api.teacher", "pk": "17", "fields": {"is_active": true, "courses": [1]}}]