[{"model": "api.dockerimage", "pk": 1, "fields": {"name": "situation.gif", "file": "/single/institution/man/approach/war/trouble", "owner": "2", "public": true}}, {"model": "api.dockerimage", "pk": 2, "fields": {"name": "deep.jpg", "file": "/material", "owner": "4", "public": true}}, {"model": "api.dockerimage", "pk": 3, "fields": {"name": "apply.png", "file": "/Democrat", "owner": "3", "public": true}}, {"model": "api.dockerimage", "pk": 4, "fields": {"name": "serve.jpeg", "file": "/gun/offer", "owner": "4", "public": true}}, {"model": "api.dockerimage", "pk": 5, "fields": {"name": "discover.jpeg", "file": "/happen/building/TV", "owner": "15", "public": true}}, {"model": "api.fileextension", "pk": 1, "fields": {"extension": "flac"}}, {"model": "api.fileextension", "pk": 2, "fields": {"extension": "wav"}}, {"model": "api.fileextension", "pk": 3, "fields": {"extension": "avi"}}, {"model": "api.fileextension", "pk": 4, "fields": {"extension": "doc"}}, {"model": "api.fileextension", "pk": 5, "fields": {"extension": "pptx"}}, {"model": "api.course", "pk": 1, "fields": {"name": "Front-line bandwidth-monitored success", "academic_startyear": 2025, "excerpt": "Stop population itself positive activity address.", "description": "Rate professor under rule. Me season say president fight without like. Opportunity have music no brother.", "faculty": "Bio-ingenieurswetenschappen", "parent_course": null}}, {"model": "api.course", "pk": 2, "fields": {"name": "Open-architected asynchronous algorithm", "academic_startyear": 2025, "excerpt": "Land bar subject either worry maybe young.", "description": "Which claim dark much. Involve technology attorney produce.", "faculty": "Psychologie_PedagogischeWetenschappen", "parent_course": null}}, {"model": "api.course", "pk": 3, "fields": {"name": "Front-line even-keeled concept", "academic_startyear": 2021, "excerpt": "Guess shoulder step training everyone.", "description": "Because eye push it knowledge. Environmental room north area sport beat.", "faculty": "Letteren_Wijsbegeerte", "parent_course": null}}, {"model": "api.project", "pk": 1, "fields": {"name": "Intuitive bi-directional knowledgebase", "description": "Activity word film including its. Gun its carry future. Recently fact trouble civil and firm.", "visible": false, "archived": false, "locked_groups": true, "start_date": "2024-03-07T08:35:49.346Z", "deadline": "2024-03-15T08:35:49.346Z", "max_score": 75, "score_visible": false, "group_size": 15, "course": 1}}, {"model": "api.project", "pk": 2, "fields": {"name": "Virtual full-range knowledgebase", "description": "Less senior media answer.", "visible": false, "archived": false, "locked_groups": false, "start_date": "2024-04-22T08:35:49.346Z", "deadline": "2024-05-20T08:35:49.346Z", "max_score": 76, "score_visible": false, "group_size": 14, "course": 3}}, {"model": "api.project", "pk": 3, "fields": {"name": "Self-enabling zero tolerance forecast", "description": "Mean answer whether type fact. Drive whose stop production wish successful task.", "visible": false, "archived": false, "locked_groups": false, "start_date": "2024-03-05T08:35:49.346Z", "deadline": "2024-04-14T08:35:49.346Z", "max_score": 65, "score_visible": false, "group_size": 6, "course": 2}}, {"model": "api.project", "pk": 4, "fields": {"name": "Advanced logistical software", "description": "None at worry easy cell director. Us environmental from point sometimes.", "visible": true, "archived": false, "locked_groups": false, "start_date": "2024-02-03T08:35:49.346Z", "deadline": "2024-03-05T08:35:49.346Z", "max_score": 47, "score_visible": false, "group_size": 14, "course": 3}}, {"model": "api.structurecheck", "pk": 0, "fields": {"name": "/effect/morning/back/reality", "project": 1, "obligated_extensions": [1, 3], "blocked_extensions": [2]}}, {"model": "api.structurecheck", "pk": 1, "fields": {"name": "/political/ball", "project": 2, "obligated_extensions": [3, 4], "blocked_extensions": [1, 2, 5]}}, {"model": "api.extracheck", "pk": 1, "fields": {"project": 4, "docker_image": 4, "file": "/able/environmental", "timeout": 736, "show_log": false}}, {"model": "api.student", "pk": "0", "fields": {"is_active": true, "student_id": "0", "courses": [1]}}, {"model": "api.student", "pk": "1", "fields": {"is_active": true, "student_id": "1", "courses": [1]}}, {"model": "api.student", "pk": "2", "fields": {"is_active": true, "student_id": "2", "courses": [1]}}, {"model": "api.student", "pk": "3", "fields": {"is_active": true, "student_id": "3", "courses": [1]}}, {"model": "api.student", "pk": "4", "fields": {"is_active": true, "student_id": "4", "courses": [1]}}, {"model": "api.student", "pk": "5", "fields": {"is_active": true, "student_id": "5", "courses": [1]}}, {"model": "api.student", "pk": "6", "fields": {"is_active": true, "student_id": "6", "courses": [1]}}, {"model": "api.student", "pk": "7", "fields": {"is_active": true, "student_id": "7", "courses": [1]}}, {"model": "api.student", "pk": "8", "fields": {"is_active": true, "student_id": "8", "courses": [1]}}, {"model": "api.student", "pk": "9", "fields": {"is_active": true, "student_id": "9", "courses": [1]}}, {"model": "api.group", "pk": 1, "fields": {"project": 3, "score": 0.0, "students": ["0", "2", "3", "4", "7"]}}, {"model": "api.group", "pk": 2, "fields": {"project": 4, "score": 28.0, "students": []}}, {"model": "api.group", "pk": 3, "fields": {"project": 2, "score": 53.0, "students": ["1", "6", "8"]}}, {"model": "api.group", "pk": 4, "fields": {"project": 4, "score": 1.0, "students": []}}, {"model": "api.group", "pk": 5, "fields": {"project": 2, "score": 61.0, "students": ["5", "9"]}}, {"model": "api.group", "pk": 6, "fields": {"project": 3, "score": 33.0, "students": []}}, {"model": "api.group", "pk": 7, "fields": {"project": 4, "score": 12.0, "students": []}}, {"model": "api.submission", "pk": 1, "fields": {"group": 6, "submission_number": null, "submission_time": "2024-04-15T00:00:00Z", "is_valid": true}}, {"model": "api.submission", "pk": 2, "fields": {"group": 6, "submission_number": null, "submission_time": "2024-04-25T00:00:00Z", "is_valid": false}}, {"model": "api.submission", "pk": 3, "fields": {"group": 4, "submission_number": null, "submission_time": "2024-04-07T00:00:00Z", "is_valid": true}}, {"model": "api.submission", "pk": 4, "fields": {"group": 3, "submission_number": null, "submission_time": "2024-04-18T00:00:00Z", "is_valid": true}}, {"model": "api.submission", "pk": 5, "fields": {"group": 4, "submission_number": null, "submission_time": "2024-04-06T00:00:00Z", "is_valid": true}}, {"model": "api.submission", "pk": 6, "fields": {"group": 1, "submission_number": null, "submission_time": "2024-04-07T00:00:00Z", "is_valid": true}}, {"model": "api.submission", "pk": 7, "fields": {"group": 3, "submission_number": null, "submission_time": "2024-04-01T00:00:00Z", "is_valid": false}}, {"model": "api.submission", "pk": 8, "fields": {"group": 2, "submission_number": null, "submission_time": "2024-04-23T00:00:00Z", "is_valid": true}}, {"model": "api.submission", "pk": 9, "fields": {"group": 5, "submission_number": null, "submission_time": "2024-04-09T00:00:00Z", "is_valid": true}}, {"model": "api.submission", "pk": 10, "fields": {"group": 1, "submission_number": null, "submission_time": "2024-04-20T00:00:00Z", "is_valid": true}}, {"model": "api.submissionfile", "pk": 1, "fields": {"submission": 6, "file": "/just.pptx"}}, {"model": "api.checkresult", "pk": 161575, "fields": {"polymorphic_ctype": 19, "submission": 3, "result": "FAILED", "error_message": "RUNTIMEERROR"}}, {"model": "api.checkresult", "pk": 196072, "fields": {"polymorphic_ctype": 18, "submission": 9, "result": "RUNNING", "error_message": null}}, {"model": "api.checkresult", "pk": 625810, "fields": {"polymorphic_ctype": 19, "submission": 5, "result": "SUCCESS", "error_message": null}}, {"model": "api.checkresult", "pk": 792279, "fields": {"polymorphic_ctype": 19, "submission": 8, "result": "SUCCESS", "error_message": null}}, {"model": "api.checkresult", "pk": 816638, "fields": {"polymorphic_ctype": 18, "submission": 7, "result": "RUNNING", "error_message": null}}, {"model": "api.checkresult", "pk": 968087, "fields": {"polymorphic_ctype": 18, "submission": 4, "result": "FAILED", "error_message": "OBLIGATED_DIRECTORY_NOT_FOUND"}}, {"model": "api.structurecheckresult", "pk": 196072, "fields": {"structure_check": 1}}, {"model": "api.structurecheckresult", "pk": 816638, "fields": {"structure_check": 1}}, {"model": "api.structurecheckresult", "pk": 968087, "fields": {"structure_check": 1}}, {"model": "api.extracheckresult", "pk": 161575, "fields": {"extra_check": 1, "log_file": "/tough/Congress/set/interesting.txt"}}, {"model": "api.extracheckresult", "pk": 625810, "fields": {"extra_check": 1, "log_file": "/lead.css"}}, {"model": "api.extracheckresult", "pk": 792279, "fields": {"extra_check": 1, "log_file": "/movie/peace/wide/staff/agency.csv"}}, {"model": "api.assistant", "pk": "10", "fields": {"is_active": true, "courses": [2]}}, {"model": "api.assistant", "pk": "11", "fields": {"is_active": true, "courses": [1]}}, {"model": "api.assistant", "pk": "12", "fields": {"is_active": true, "courses": [2]}}, {"model": "api.assistant", "pk": "13", "fields": {"is_active": true, "courses": [2]}}, {"model": "api.assistant", "pk": "14", "fields": {"is_active": true, "courses": [2]}}, {"model": "api.teacher", "pk": "15", "fields": {"is_active": true, "courses": [1]}}, {"model": "api.teacher", "pk": "16", "fields": {"is_active": true, "courses": [1]}}, {"model": "api.teacher", "pk": "17", "fields": {"is_active": true, "courses": [1]}}]