[{"model": "api.dockerimage", "pk": 1, "fields": {"name": "heart.jpg", "file": "/whom/financial/early", "owner": "0", "public": true}}, {"model": "api.dockerimage", "pk": 2, "fields": {"name": "represent.gif", "file": "/maybe/black/response/produce", "owner": "14", "public": true}}, {"model": "api.dockerimage", "pk": 3, "fields": {"name": "east.jpeg", "file": "/positive/son/foreign/price", "owner": "0", "public": true}}, {"model": "api.dockerimage", "pk": 4, "fields": {"name": "Mr.tiff", "file": "/rise/issue/expert/while", "owner": "7", "public": true}}, {"model": "api.dockerimage", "pk": 5, "fields": {"name": "American.bmp", "file": "/it/hand/truth/true/wear", "owner": "5", "public": true}}, {"model": "api.fileextension", "pk": 1, "fields": {"extension": "odt"}}, {"model": "api.fileextension", "pk": 2, "fields": {"extension": "csv"}}, {"model": "api.fileextension", "pk": 3, "fields": {"extension": "pages"}}, {"model": "api.fileextension", "pk": 4, "fields": {"extension": "docx"}}, {"model": "api.fileextension", "pk": 5, "fields": {"extension": "tiff"}}, {"model": "api.course", "pk": 1, "fields": {"name": "Automated bandwidth-monitored approach", "academic_startyear": 2024, "excerpt": "", "description": "Serious contain meet you. Development your crime hit over bad us. Thing hear decide identify together the first indeed.", "faculty": "Letteren_Wijsbegeerte", "parent_course": null}}, {"model": "api.course", "pk": 2, "fields": {"name": "Diverse zero tolerance help-desk", "academic_startyear": 2025, "excerpt": "", "description": "Than what interest ground stop people.", "faculty": "Letteren_Wijsbegeerte", "parent_course": null}}, {"model": "api.course", "pk": 3, "fields": {"name": "Horizontal asynchronous productivity", "academic_startyear": 2025, "excerpt": "", "description": "Goal common half material. Close level poor him agent mission agree woman.", "faculty": "Diergeneeskunde", "parent_course": null}}, {"model": "api.project", "pk": 1, "fields": {"name": "Stand-alone actuating task-force", "description": "Marriage garden although. Candidate visit add no economy again gun. Still discover heavy long today level society.", "visible": true, "archived": false, "locked_groups": false, "start_date": "2024-07-25T11:47:27.290Z", "deadline": "2024-09-29T11:47:27.290Z", "max_score": 47, "score_visible": false, "group_size": 3, "course": 2}}, {"model": "api.project", "pk": 2, "fields": {"name": "Balanced coherent portal", "description": "Smile stop child give here your final. Effect kitchen expert student.", "visible": false, "archived": false, "locked_groups": false, "start_date": "2024-02-14T11:47:27.291Z", "deadline": "2024-05-12T11:47:27.291Z", "max_score": 99, "score_visible": true, "group_size": 4, "course": 2}}, {"model": "api.project", "pk": 3, "fields": {"name": "Team-oriented multimedia middleware", "description": "Just look such direction. Sense loss institution according.", "visible": true, "archived": false, "locked_groups": false, "start_date": "2024-06-14T11:47:27.291Z", "deadline": "2024-08-21T11:47:27.291Z", "max_score": 43, "score_visible": false, "group_size": 5, "course": 3}}, {"model": "api.project", "pk": 4, "fields": {"name": "Enterprise-wide optimizing encryption", "description": "Kitchen far four smile hard toward often minute. Whatever attack nature environmental.", "visible": true, "archived": false, "locked_groups": false, "start_date": "2024-04-12T11:47:27.291Z", "deadline": "2024-07-13T11:47:27.291Z", "max_score": 2, "score_visible": false, "group_size": 7, "course": 2}}, {"model": "api.structurecheck", "pk": 0, "fields": {"name": "/customer/form", "project": 2, "obligated_extensions": [2, 4], "blocked_extensions": [1, 2, 3]}}, {"model": "api.structurecheck", "pk": 1, "fields": {"name": "/decide/girl/there/building/son", "project": 1, "obligated_extensions": [1, 4], "blocked_extensions": [3]}}, {"model": "api.extracheck", "pk": 1, "fields": {"project": 3, "docker_image": 5, "file": "/that/six/follow/identify/with/under", "timeout": 326, "show_log": true}}, {"model": "api.student", "pk": "0", "fields": {"is_active": true, "student_id": "0", "courses": [1]}}, {"model": "api.student", "pk": "1", "fields": {"is_active": true, "student_id": "1", "courses": [1]}}, {"model": "api.student", "pk": "2", "fields": {"is_active": true, "student_id": "2", "courses": [1]}}, {"model": "api.student", "pk": "3", "fields": {"is_active": true, "student_id": "3", "courses": [1]}}, {"model": "api.student", "pk": "4", "fields": {"is_active": true, "student_id": "4", "courses": [1]}}, {"model": "api.student", "pk": "5", "fields": {"is_active": true, "student_id": "5", "courses": [1]}}, {"model": "api.student", "pk": "6", "fields": {"is_active": true, "student_id": "6", "courses": [1]}}, {"model": "api.student", "pk": "7", "fields": {"is_active": true, "student_id": "7", "courses": [1]}}, {"model": "api.student", "pk": "8", "fields": {"is_active": true, "student_id": "8", "courses": [1]}}, {"model": "api.student", "pk": "9", "fields": {"is_active": true, "student_id": "9", "courses": [1]}}, {"model": "api.group", "pk": 1, "fields": {"project": 1, "score": 2.0, "students": ["0", "1", "6", "8", "9"]}}, {"model": "api.group", "pk": 2, "fields": {"project": 2, "score": 53.0, "students": []}}, {"model": "api.group", "pk": 3, "fields": {"project": 1, "score": 31.0, "students": ["5", "7"]}}, {"model": "api.group", "pk": 4, "fields": {"project": 4, "score": 1.0, "students": []}}, {"model": "api.group", "pk": 5, "fields": {"project": 3, "score": 5.0, "students": []}}, {"model": "api.group", "pk": 6, "fields": {"project": 4, "score": 2.0, "students": []}}, {"model": "api.group", "pk": 7, "fields": {"project": 1, "score": 35.0, "students": ["2", "3", "4"]}}, {"model": "api.submission", "pk": 1, "fields": {"group": 5, "submission_number": null, "submission_time": "2024-04-07T00:00:00Z", "is_valid": true}}, {"model": "api.submission", "pk": 2, "fields": {"group": 7, "submission_number": null, "submission_time": "2024-04-05T00:00:00Z", "is_valid": true}}, {"model": "api.submission", "pk": 3, "fields": {"group": 2, "submission_number": null, "submission_time": "2024-04-15T00:00:00Z", "is_valid": true}}, {"model": "api.submission", "pk": 4, "fields": {"group": 3, "submission_number": null, "submission_time": "2024-04-12T00:00:00Z", "is_valid": true}}, {"model": "api.submission", "pk": 5, "fields": {"group": 2, "submission_number": null, "submission_time": "2024-04-09T00:00:00Z", "is_valid": true}}, {"model": "api.submission", "pk": 6, "fields": {"group": 4, "submission_number": null, "submission_time": "2024-04-08T00:00:00Z", "is_valid": true}}, {"model": "api.submission", "pk": 7, "fields": {"group": 1, "submission_number": null, "submission_time": "2024-04-07T00:00:00Z", "is_valid": true}}, {"model": "api.submission", "pk": 8, "fields": {"group": 4, "submission_number": null, "submission_time": "2024-04-11T00:00:00Z", "is_valid": true}}, {"model": "api.submission", "pk": 9, "fields": {"group": 5, "submission_number": null, "submission_time": "2024-04-12T00:00:00Z", "is_valid": true}}, {"model": "api.submission", "pk": 10, "fields": {"group": 2, "submission_number": null, "submission_time": "2024-04-13T00:00:00Z", "is_valid": true}}, {"model": "api.submissionfile", "pk": 1, "fields": {"submission": 2, "file": "/rich/professional/front/entire/natural.wav"}}, {"model": "api.checkresult", "pk": 150440, "fields": {"polymorphic_ctype": null, "submission": 4, "result": "QUEUED", "error_message": null}}, {"model": "api.checkresult", "pk": 389015, "fields": {"polymorphic_ctype": null, "submission": 7, "result": "SUCCESS", "error_message": null}}, {"model": "api.checkresult", "pk": 492483, "fields": {"polymorphic_ctype": null, "submission": 1, "result": "QUEUED", "error_message": null}}, {"model": "api.checkresult", "pk": 495071, "fields": {"polymorphic_ctype": null, "submission": 2, "result": "FAILED", "error_message": "OBLIGATED_EXTENSION_NOT_FOUND"}}, {"model": "api.checkresult", "pk": 667837, "fields": {"polymorphic_ctype": null, "submission": 9, "result": "SUCCESS", "error_message": null}}, {"model": "api.checkresult", "pk": 883517, "fields": {"polymorphic_ctype": null, "submission": 5, "result": "RUNNING", "error_message": null}}, {"model": "api.checkresult", "pk": 897779, "fields": {"polymorphic_ctype": null, "submission": 3, "result": "QUEUED", "error_message": null}}, {"model": "api.checkresult", "pk": 904397, "fields": {"polymorphic_ctype": null, "submission": 10, "result": "RUNNING", "error_message": null}}, {"model": "api.structurecheckresult", "pk": 150440, "fields": {"structure_check": 1}}, {"model": "api.structurecheckresult", "pk": 389015, "fields": {"structure_check": 1}}, {"model": "api.structurecheckresult", "pk": 495071, "fields": {"structure_check": 1}}, {"model": "api.structurecheckresult", "pk": 883517, "fields": {"structure_check": 0}}, {"model": "api.structurecheckresult", "pk": 897779, "fields": {"structure_check": 0}}, {"model": "api.structurecheckresult", "pk": 904397, "fields": {"structure_check": 0}}, {"model": "api.extracheckresult", "pk": 492483, "fields": {"extra_check": 1, "log_file": "/south/full.txt"}}, {"model": "api.extracheckresult", "pk": 667837, "fields": {"extra_check": 1, "log_file": "/bar.txt"}}, {"model": "api.assistant", "pk": "10", "fields": {"is_active": true, "courses": [1]}}, {"model": "api.assistant", "pk": "11", "fields": {"is_active": true, "courses": [1]}}, {"model": "api.assistant", "pk": "12", "fields": {"is_active": true, "courses": [1]}}, {"model": "api.assistant", "pk": "13", "fields": {"is_active": true, "courses": [1]}}, {"model": "api.assistant", "pk": "14", "fields": {"is_active": true, "courses": [1]}}, {"model": "api.teacher", "pk": "15", "fields": {"is_active": true, "courses": [1]}}, {"model": "api.teacher", "pk": "16", "fields": {"is_active": true, "courses": [1]}}, {"model": "api.teacher", "pk": "17", "fields": {"is_active": true, "courses": [2]}}]