[{"model": "api.dockerimage", "pk": 1, "fields": {"name": "approach.jpeg", "file": "/hope/pass/city/foot", "owner": "8", "public": true}}, {"model": "api.dockerimage", "pk": 2, "fields": {"name": "leg.png", "file": "/enough/western", "owner": "9", "public": true}}, {"model": "api.dockerimage", "pk": 3, "fields": {"name": "land.bmp", "file": "/life", "owner": "8", "public": true}}, {"model": "api.dockerimage", "pk": 4, "fields": {"name": "rather.bmp", "file": "/also/I", "owner": "0", "public": true}}, {"model": "api.dockerimage", "pk": 5, "fields": {"name": "quality.jpeg", "file": "/take/eight/scene/help/decade", "owner": "16", "public": true}}, {"model": "api.fileextension", "pk": 1, "fields": {"extension": "gif"}}, {"model": "api.fileextension", "pk": 2, "fields": {"extension": "txt"}}, {"model": "api.fileextension", "pk": 3, "fields": {"extension": "png"}}, {"model": "api.fileextension", "pk": 4, "fields": {"extension": "odp"}}, {"model": "api.fileextension", "pk": 5, "fields": {"extension": "json"}}, {"model": "api.course", "pk": 1, "fields": {"name": "Switchable multimedia migration", "academic_startyear": 2021, "excerpt": "", "description": "Rock watch three ten within Congress develop prevent. Reduce bag town Democrat report. Central toward language sit.", "faculty": "Psychologie_PedagogischeWetenschappen", "parent_course": null}}, {"model": "api.course", "pk": 2, "fields": {"name": "Object-based tangible Graphical User Interface", "academic_startyear": 2021, "excerpt": "", "description": "Education reflect stuff key. Prove short suddenly relationship method our.", "faculty": "Letteren_Wijsbegeerte", "parent_course": null}}, {"model": "api.course", "pk": 3, "fields": {"name": "Balanced solution-oriented leverage", "academic_startyear": 2022, "excerpt": "", "description": "Hour wear receive kind above. Campaign difference street build on me.", "faculty": "Politieke_Sociale_Wetenschappen", "parent_course": null}}, {"model": "api.project", "pk": 1, "fields": {"name": "Enhanced value-added parallelism", "description": "Participant week entire participant. Morning produce reality industry.", "visible": true, "archived": false, "locked_groups": true, "start_date": "2024-02-12T11:26:08.839Z", "deadline": "2024-05-04T11:26:08.839Z", "max_score": 62, "score_visible": false, "group_size": 3, "course": 1}}, {"model": "api.project", "pk": 2, "fields": {"name": "Monitored local function", "description": "Republican fund sound employee boy. Beautiful wind determine effort role. Tough force by condition. Other firm sort letter official get simply.", "visible": true, "archived": false, "locked_groups": true, "start_date": "2024-04-14T11:26:08.839Z", "deadline": "2024-07-15T11:26:08.839Z", "max_score": 6, "score_visible": false, "group_size": 5, "course": 2}}, {"model": "api.project", "pk": 3, "fields": {"name": "Streamlined clear-thinking policy", "description": "Network employee lawyer especially until month budget. Example feel information power. Oil never area performance experience sure everybody.", "visible": true, "archived": false, "locked_groups": false, "start_date": "2024-02-07T11:26:08.839Z", "deadline": "2024-02-09T11:26:08.839Z", "max_score": 52, "score_visible": false, "group_size": 2, "course": 3}}, {"model": "api.project", "pk": 4, "fields": {"name": "Secured multi-tasking standardization", "description": "Reduce sometimes west single. Explain style blue leave. During character husband cup.", "visible": true, "archived": false, "locked_groups": false, "start_date": "2024-05-04T11:26:08.839Z", "deadline": "2024-05-10T11:26:08.839Z", "max_score": 98, "score_visible": false, "group_size": 11, "course": 3}}, {"model": "api.structurecheck", "pk": 0, "fields": {"name": "/eat/raise", "project": 3, "obligated_extensions": [2, 4], "blocked_extensions": [1, 2]}}, {"model": "api.structurecheck", "pk": 1, "fields": {"name": "/month/find", "project": 2, "obligated_extensions": [3, 5], "blocked_extensions": [2, 4]}}, {"model": "api.extracheck", "pk": 1, "fields": {"project": 4, "docker_image": 5, "file": "/much/town/include/cause/do", "timeout": 365, "show_log": true}}, {"model": "api.student", "pk": "0", "fields": {"is_active": true, "student_id": "0", "courses": [1]}}, {"model": "api.student", "pk": "1", "fields": {"is_active": true, "student_id": "1", "courses": [2]}}, {"model": "api.student", "pk": "2", "fields": {"is_active": true, "student_id": "2", "courses": [1]}}, {"model": "api.student", "pk": "3", "fields": {"is_active": true, "student_id": "3", "courses": [1]}}, {"model": "api.student", "pk": "4", "fields": {"is_active": true, "student_id": "4", "courses": [1]}}, {"model": "api.student", "pk": "5", "fields": {"is_active": true, "student_id": "5", "courses": [1]}}, {"model": "api.student", "pk": "6", "fields": {"is_active": true, "student_id": "6", "courses": [1]}}, {"model": "api.student", "pk": "7", "fields": {"is_active": true, "student_id": "7", "courses": [1]}}, {"model": "api.student", "pk": "8", "fields": {"is_active": true, "student_id": "8", "courses": [2]}}, {"model": "api.student", "pk": "9", "fields": {"is_active": true, "student_id": "9", "courses": [1]}}, {"model": "api.group", "pk": 1, "fields": {"project": 1, "score": 55.0, "students": ["2", "7", "8"]}}, {"model": "api.group", "pk": 2, "fields": {"project": 1, "score": 36.0, "students": ["1", "4", "9"]}}, {"model": "api.group", "pk": 3, "fields": {"project": 4, "score": 92.0, "students": []}}, {"model": "api.group", "pk": 4, "fields": {"project": 1, "score": 17.0, "students": ["0", "3", "5", "6"]}}, {"model": "api.group", "pk": 5, "fields": {"project": 4, "score": 52.0, "students": []}}, {"model": "api.group", "pk": 6, "fields": {"project": 2, "score": 3.0, "students": []}}, {"model": "api.group", "pk": 7, "fields": {"project": 4, "score": 9.0, "students": []}}, {"model": "api.submission", "pk": 1, "fields": {"group": 6, "submission_number": null, "submission_time": "2024-04-08T00:00:00Z", "is_valid": true}}, {"model": "api.submission", "pk": 2, "fields": {"group": 7, "submission_number": null, "submission_time": "2024-04-09T00:00:00Z", "is_valid": true}}, {"model": "api.submission", "pk": 3, "fields": {"group": 5, "submission_number": null, "submission_time": "2024-04-02T00:00:00Z", "is_valid": true}}, {"model": "api.submission", "pk": 4, "fields": {"group": 4, "submission_number": null, "submission_time": "2024-04-03T00:00:00Z", "is_valid": true}}, {"model": "api.submission", "pk": 5, "fields": {"group": 2, "submission_number": null, "submission_time": "2024-04-02T00:00:00Z", "is_valid": true}}, {"model": "api.submission", "pk": 6, "fields": {"group": 4, "submission_number": null, "submission_time": "2024-04-15T00:00:00Z", "is_valid": true}}, {"model": "api.submission", "pk": 7, "fields": {"group": 7, "submission_number": null, "submission_time": "2024-04-01T00:00:00Z", "is_valid": true}}, {"model": "api.submission", "pk": 8, "fields": {"group": 3, "submission_number": null, "submission_time": "2024-04-14T00:00:00Z", "is_valid": true}}, {"model": "api.submission", "pk": 9, "fields": {"group": 2, "submission_number": null, "submission_time": "2024-04-16T00:00:00Z", "is_valid": true}}, {"model": "api.submission", "pk": 10, "fields": {"group": 1, "submission_number": null, "submission_time": "2024-04-05T00:00:00Z", "is_valid": true}}, {"model": "api.submissionfile", "pk": 1, "fields": {"submission": 6, "file": "/record/put/crime.wav"}}, {"model": "api.checkresult", "pk": 266128, "fields": {"polymorphic_ctype": null, "submission": 1, "result": "SUCCESS", "error_message": null}}, {"model": "api.checkresult", "pk": 505505, "fields": {"polymorphic_ctype": null, "submission": 3, "result": "FAILED", "error_message": "OUTPUTLIMIT"}}, {"model": "api.checkresult", "pk": 761499, "fields": {"polymorphic_ctype": null, "submission": 7, "result": "RUNNING", "error_message": null}}, {"model": "api.checkresult", "pk": 832119, "fields": {"polymorphic_ctype": null, "submission": 8, "result": "QUEUED", "error_message": null}}, {"model": "api.checkresult", "pk": 959169, "fields": {"polymorphic_ctype": null, "submission": 2, "result": "FAILED", "error_message": "INTERNALERROR"}}, {"model": "api.structurecheckresult", "pk": 266128, "fields": {"structure_check": 1}}, {"model": "api.extracheckresult", "pk": 505505, "fields": {"extra_check": 1, "log_file": "/employee/family/lawyer/able/focus/very.css"}}, {"model": "api.extracheckresult", "pk": 761499, "fields": {"extra_check": 1, "log_file": "/current/value/tend/perform/investment/begin.json"}}, {"model": "api.extracheckresult", "pk": 832119, "fields": {"extra_check": 1, "log_file": "/fund/per/class.css"}}, {"model": "api.extracheckresult", "pk": 959169, "fields": {"extra_check": 1, "log_file": "/avoid/throw/program.css"}}, {"model": "api.assistant", "pk": "10", "fields": {"is_active": true, "courses": [2]}}, {"model": "api.assistant", "pk": "11", "fields": {"is_active": true, "courses": [1]}}, {"model": "api.assistant", "pk": "12", "fields": {"is_active": true, "courses": [2]}}, {"model": "api.assistant", "pk": "13", "fields": {"is_active": true, "courses": [2]}}, {"model": "api.assistant", "pk": "14", "fields": {"is_active": true, "courses": [2]}}, {"model": "api.teacher", "pk": "15", "fields": {"is_active": true, "courses": [1]}}, {"model": "api.teacher", "pk": "16", "fields": {"is_active": true, "courses": [1]}}, {"model": "api.teacher", "pk": "17", "fields": {"is_active": true, "courses": [2]}}]