[{"model": "api.course", "pk": 1, "fields": {"name": "Multi-layered asymmetric infrastructure", "academic_startyear": 2022, "excerpt": "Answer hear response.", "description": "Dark past charge one guy medical small. Capital season carry bag finally represent. New society beat measure guy local.", "faculty": "Farmaceutische_Wetenschappen", "parent_course": null, "private_course": false, "invitation_link": null, "invitation_link_expires": null}}, {"model": "api.course", "pk": 2, "fields": {"name": "Switchable fresh-thinking collaboration", "academic_startyear": 2022, "excerpt": "Industry quality but.", "description": "Picture fly account home experience others home but. Pass plan school rise blue. Lawyer model she guy.", "faculty": "Economie_Bedrijfskunde", "parent_course": null, "private_course": false, "invitation_link": null, "invitation_link_expires": null}}, {"model": "api.course", "pk": 3, "fields": {"name": "Expanded dedicated matrix", "academic_startyear": 2022, "excerpt": "Act radio glass interview.", "description": "American here military. Bed worker wife box. Pressure tax present rise economic only history.", "faculty": "Letteren_Wijsbegeerte", "parent_course": null, "private_course": false, "invitation_link": null, "invitation_link_expires": null}}, {"model": "api.project", "pk": 1, "fields": {"name": "Exclusive object-oriented hub", "description": "Late good it its learn. Majority away side member among by method. Information front huge term.", "visible": true, "archived": false, "locked_groups": false, "start_date": "2024-05-05T14:27:17.935Z", "deadline": "2024-06-14T14:27:17.935Z", "max_score": 31, "score_visible": false, "group_size": 6, "course": 3}}, {"model": "api.project", "pk": 2, "fields": {"name": "Profound radical benchmark", "description": "Perhaps finally skin trial check take. Gas pressure even share artist.", "visible": false, "archived": true, "locked_groups": false, "start_date": "2024-07-10T14:27:17.935Z", "deadline": "2024-10-15T14:27:17.935Z", "max_score": 20, "score_visible": true, "group_size": 8, "course": 2}}, {"model": "api.project", "pk": 3, "fields": {"name": "Universal dynamic hierarchy", "description": "Attorney four lead player up summer letter. Oil current character. Contain not film say foot very.", "visible": true, "archived": false, "locked_groups": false, "start_date": "2024-07-16T14:27:17.935Z", "deadline": "2024-10-15T14:27:17.935Z", "max_score": 48, "score_visible": false, "group_size": 3, "course": 3}}, {"model": "api.project", "pk": 4, "fields": {"name": "Function-based multimedia initiative", "description": "Debate already treat participant. Hope people of. State raise pick standard collection agree.", "visible": true, "archived": false, "locked_groups": false, "start_date": "2024-05-03T14:27:17.935Z", "deadline": "2024-06-05T14:27:17.935Z", "max_score": 5, "score_visible": false, "group_size": 2, "course": 2}}, {"model": "api.fileextension", "pk": 1, "fields": {"extension": "mov"}}, {"model": "api.fileextension", "pk": 2, "fields": {"extension": "mp3"}}, {"model": "api.fileextension", "pk": 3, "fields": {"extension": "js"}}, {"model": "api.fileextension", "pk": 4, "fields": {"extension": "pdf"}}, {"model": "api.fileextension", "pk": 5, "fields": {"extension": "jpeg"}}, {"model": "api.structurecheck", "pk": 0, "fields": {"path": "/price/development/camera/person", "project": 4, "obligated_extensions": [1, 3], "blocked_extensions": [1, 4]}}, {"model": "api.structurecheck", "pk": 1, "fields": {"path": "/ask/think/instead/soon", "project": 2, "obligated_extensions": [2, 5], "blocked_extensions": [2, 3]}}, {"model": "api.student", "pk": "0", "fields": {"is_active": true, "student_id": "0", "courses": [1]}}, {"model": "api.student", "pk": "1", "fields": {"is_active": true, "student_id": "1", "courses": [1]}}, {"model": "api.student", "pk": "2", "fields": {"is_active": true, "student_id": "2", "courses": [1]}}, {"model": "api.student", "pk": "3", "fields": {"is_active": true, "student_id": "3", "courses": [1]}}, {"model": "api.student", "pk": "4", "fields": {"is_active": true, "student_id": "4", "courses": [1]}}, {"model": "api.student", "pk": "5", "fields": {"is_active": true, "student_id": "5", "courses": [1]}}, {"model": "api.student", "pk": "6", "fields": {"is_active": true, "student_id": "6", "courses": [1]}}, {"model": "api.student", "pk": "7", "fields": {"is_active": true, "student_id": "7", "courses": [1]}}, {"model": "api.student", "pk": "8", "fields": {"is_active": true, "student_id": "8", "courses": [1]}}, {"model": "api.student", "pk": "9", "fields": {"is_active": true, "student_id": "9", "courses": [1]}}, {"model": "api.group", "pk": 1, "fields": {"project": 1, "score": 25.0, "students": ["0", "4", "6", "9"]}}, {"model": "api.group", "pk": 2, "fields": {"project": 1, "score": 13.0, "students": ["1", "3", "5", "7", "8"]}}, {"model": "api.group", "pk": 3, "fields": {"project": 4, "score": 1.0, "students": []}}, {"model": "api.group", "pk": 4, "fields": {"project": 4, "score": 5.0, "students": []}}, {"model": "api.group", "pk": 5, "fields": {"project": 3, "score": 2.0, "students": ["2"]}}, {"model": "api.group", "pk": 6, "fields": {"project": 4, "score": 1.0, "students": []}}, {"model": "api.group", "pk": 7, "fields": {"project": 3, "score": 38.0, "students": []}}, {"model": "api.submission", "pk": 1, "fields": {"group": 5, "submission_number": null, "submission_time": "2024-05-03T00:00:00Z", "is_valid": true, "zip": "/physical.gif"}}, {"model": "api.submission", "pk": 2, "fields": {"group": 7, "submission_number": null, "submission_time": "2024-05-10T00:00:00Z", "is_valid": true, "zip": "/school/despite/pattern/young/break.csv"}}, {"model": "api.submission", "pk": 3, "fields": {"group": 2, "submission_number": null, "submission_time": "2024-05-02T00:00:00Z", "is_valid": true, "zip": "/green.mp4"}}, {"model": "api.submission", "pk": 4, "fields": {"group": 4, "submission_number": null, "submission_time": "2024-05-01T00:00:00Z", "is_valid": true, "zip": "/south/house.mp4"}}, {"model": "api.submission", "pk": 5, "fields": {"group": 2, "submission_number": null, "submission_time": "2024-05-01T00:00:00Z", "is_valid": true, "zip": "/clearly/your/citizen/stop/PM.css"}}, {"model": "api.submission", "pk": 6, "fields": {"group": 6, "submission_number": null, "submission_time": "2024-05-07T00:00:00Z", "is_valid": false, "zip": "/collection/ok/discover.mp3"}}, {"model": "api.submission", "pk": 7, "fields": {"group": 6, "submission_number": null, "submission_time": "2024-05-04T00:00:00Z", "is_valid": true, "zip": "/sing.webm"}}, {"model": "api.submission", "pk": 8, "fields": {"group": 5, "submission_number": null, "submission_time": "2024-05-02T00:00:00Z", "is_valid": true, "zip": "/hundred/decision/knowledge.docx"}}, {"model": "api.submission", "pk": 9, "fields": {"group": 3, "submission_number": null, "submission_time": "2024-05-03T00:00:00Z", "is_valid": true, "zip": "/relationship/offer/chair/executive/some.avi"}}, {"model": "api.submission", "pk": 10, "fields": {"group": 6, "submission_number": null, "submission_time": "2024-05-02T00:00:00Z", "is_valid": true, "zip": "/argue/Mrs/see/young.mp4"}}, {"model": "api.checkresult", "pk": 492772, "fields": {"polymorphic_ctype": null, "submission": 6, "result": "QUEUED", "error_message": null}}, {"model": "api.checkresult", "pk": 502551, "fields": {"polymorphic_ctype": null, "submission": 9, "result": "QUEUED", "error_message": null}}, {"model": "api.checkresult", "pk": 579813, "fields": {"polymorphic_ctype": null, "submission": 4, "result": "SUCCESS", "error_message": null}}, {"model": "api.checkresult", "pk": 639356, "fields": {"polymorphic_ctype": null, "submission": 7, "result": "RUNNING", "error_message": null}}, {"model": "api.checkresult", "pk": 747616, "fields": {"polymorphic_ctype": null, "submission": 10, "result": "SUCCESS", "error_message": null}}, {"model": "api.structurecheckresult", "pk": 492772, "fields": {"structure_check": 0}}, {"model": "api.structurecheckresult", "pk": 502551, "fields": {"structure_check": 0}}, {"model": "api.structurecheckresult", "pk": 579813, "fields": {"structure_check": 0}}, {"model": "api.structurecheckresult", "pk": 639356, "fields": {"structure_check": 0}}, {"model": "api.structurecheckresult", "pk": 747616, "fields": {"structure_check": 0}}, {"model": "api.assistant", "pk": "10", "fields": {"is_active": true, "courses": [2]}}, {"model": "api.assistant", "pk": "11", "fields": {"is_active": true, "courses": [2]}}, {"model": "api.assistant", "pk": "12", "fields": {"is_active": true, "courses": [2]}}, {"model": "api.assistant", "pk": "13", "fields": {"is_active": true, "courses": [1]}}, {"model": "api.assistant", "pk": "14", "fields": {"is_active": true, "courses": [2]}}, {"model": "api.teacher", "pk": "15", "fields": {"is_active": true, "courses": [1]}}, {"model": "api.teacher", "pk": "16", "fields": {"is_active": true, "courses": [1]}}, {"model": "api.teacher", "pk": "17", "fields": {"is_active": true, "courses": [1]}}]